,p00739_f001,p00739_f002,p00739_f003,p00739_f004,p00739_f005,p00739_f006,p00739_f007,p00739_f008,p00739_f009,p00739_f010,p00739_f011
1091,2019/09/26,--,--,12244.0000,33582.0000,--,--,--,--,8145.0000,8145.0000
1090,2019/09/27,--,--,9870.0000,29142.0000,--,--,--,--,7977.0000,8037.0000
1089,2019/09/30,--,--,8784.0000,26302.0000,--,--,--,--,7956.0000,7978.0000
1088,2019/10/08,--,--,8382.0000,26674.0000,--,--,--,--,7962.0000,7974.0000
1087,2019/10/09,--,--,7512.0000,27734.0000,--,--,--,--,7974.0000,7987.0000
1086,2019/10/10,--,--,5980.0000,30822.0000,--,--,--,--,7872.0000,7900.0000
1085,2019/10/11,--,--,5940.0000,32278.0000,--,--,--,--,7834.0000,7861.0000
1084,2019/10/14,--,--,5222.0000,38712.0000,--,--,--,--,7796.0000,7849.0000
1083,2019/10/15,--,--,5126.0000,50980.0000,--,--,--,--,7667.0000,7704.0000
1082,2019/10/16,--,--,4810.0000,58652.0000,--,--,--,--,7579.0000,7623.0000
1081,2019/10/17,--,--,5156.0000,66278.0000,--,--,--,--,7463.0000,7493.0000
1080,2019/10/18,--,--,5130.0000,62878.0000,--,--,--,--,7528.0000,7546.0000
1079,2019/10/21,--,--,5138.0000,60834.0000,--,--,--,--,7525.0000,7543.0000
1078,2019/10/22,--,--,4896.0000,64780.0000,--,--,--,--,7467.0000,7505.0000
1077,2019/10/23,--,--,4852.0000,68698.0000,--,--,--,--,7470.0000,7499.0000
1076,2019/10/24,--,--,4548.0000,68918.0000,--,--,--,--,7502.0000,7532.0000
1075,2019/10/25,--,--,4374.0000,68002.0000,--,--,--,--,7493.0000,7528.0000
1074,2019/10/28,--,--,4280.0000,72746.0000,--,--,--,--,7458.0000,7489.0000
1073,2019/10/29,--,--,4110.0000,78392.0000,--,--,--,--,7411.0000,7442.0000
1072,2019/10/30,--,--,4064.0000,95608.0000,--,--,--,--,7357.0000,7391.0000
1071,2019/10/31,--,--,4094.0000,101076.0000,--,--,--,--,7331.0000,7349.0000
1070,2019/11/01,--,--,4044.0000,111146.0000,--,--,--,--,7293.0000,7299.0000
1069,2019/11/04,--,--,4210.0000,115124.0000,--,--,--,--,7280.0000,7294.0000
1068,2019/11/05,--,--,4190.0000,110190.0000,--,--,--,--,7336.0000,7355.0000
1067,2019/11/06,--,--,4222.0000,114406.0000,--,--,--,--,7338.0000,7353.0000
1066,2019/11/07,--,--,4140.0000,125810.0000,--,--,--,--,7279.0000,7305.0000
1065,2019/11/08,--,--,4062.0000,152408.0000,--,--,--,--,7169.0000,7186.0000
1064,2019/11/11,--,--,4228.0000,158194.0000,--,--,--,--,7022.0000,7042.0000
1063,2019/11/12,--,--,4128.0000,165104.0000,--,--,--,--,6939.0000,6951.0000
1062,2019/11/13,--,--,4194.0000,159648.0000,--,--,--,--,7002.0000,7038.0000
1061,2019/11/14,--,--,4182.0000,162306.0000,--,--,--,--,6920.0000,6925.0000
1060,2019/11/15,--,--,4194.0000,157452.0000,--,--,--,--,6956.0000,6958.0000
1059,2019/11/18,--,--,4210.0000,155116.0000,--,--,--,--,6980.0000,6985.0000
1058,2019/11/19,--,--,4166.0000,157972.0000,--,--,--,--,6960.0000,6965.0000
1057,2019/11/20,--,--,4158.0000,168046.0000,--,--,--,--,6922.0000,6920.0000
1056,2019/11/21,--,--,4172.0000,179206.0000,--,--,--,--,6957.0000,6946.0000
1055,2019/11/22,--,--,4120.0000,185008.0000,--,--,--,--,7000.0000,6993.0000
1054,2019/11/25,--,--,4164.0000,188132.0000,--,--,--,--,7031.0000,7028.0000
1053,2019/11/26,--,--,4176.0000,189148.0000,--,--,--,--,7101.0000,7095.0000
1052,2019/11/27,--,--,3906.0000,200158.0000,--,--,--,--,7180.0000,7189.0000
1051,2019/11/28,--,--,3834.0000,201074.0000,--,--,--,--,7153.0000,7154.0000
1050,2019/11/29,--,--,3778.0000,200670.0000,--,--,--,--,7116.0000,7124.0000
1049,2019/12/02,--,--,3770.0000,204294.0000,--,--,--,--,7069.0000,7074.0000
1048,2019/12/03,--,--,3692.0000,194408.0000,--,--,--,--,7125.0000,7144.0000
1047,2019/12/04,--,--,3298.0000,195690.0000,--,--,--,--,7204.0000,7212.0000
1046,2019/12/05,--,--,3288.0000,190994.0000,--,--,--,--,7266.0000,7260.0000
1045,2019/12/06,--,--,3138.0000,190782.0000,--,--,--,--,7315.0000,7309.0000
1044,2019/12/09,--,--,2800.0000,162634.0000,--,--,--,--,7387.0000,7399.0000
1043,2019/12/10,--,--,2758.0000,160620.0000,--,--,--,--,7322.0000,7321.0000
1042,2019/12/11,--,--,2784.0000,169574.0000,--,--,--,--,7346.0000,7405.0000
1041,2019/12/12,--,--,2988.0000,175544.0000,--,--,--,--,7279.0000,7285.0000
1040,2019/12/13,--,--,2828.0000,171778.0000,--,--,--,--,7327.0000,7287.0000
1039,2019/12/16,--,--,2784.0000,168156.0000,--,--,--,--,7344.0000,7337.0000
1038,2019/12/17,--,--,2788.0000,168044.0000,--,--,--,--,7397.0000,7405.0000
1037,2019/12/18,--,--,2732.0000,160554.0000,--,--,--,--,7414.0000,7404.0000
1036,2019/12/19,--,--,2744.0000,168272.0000,--,--,--,--,7394.0000,7409.0000
1035,2019/12/20,--,--,2666.0000,167632.0000,--,--,--,--,7425.0000,7410.0000
1034,2019/12/23,--,--,2590.0000,169178.0000,--,--,--,--,7373.0000,7363.0000
1033,2019/12/24,--,--,2544.0000,168096.0000,--,--,--,--,7350.0000,7361.0000
1032,2019/12/25,--,--,2524.0000,167070.0000,--,--,--,--,7369.0000,7378.0000
1031,2019/12/26,--,--,2428.0000,170800.0000,--,--,--,--,7349.0000,7355.0000
1030,2019/12/27,--,--,2404.0000,165798.0000,--,--,--,--,7385.0000,7369.0000
1029,2019/12/30,--,--,2416.0000,159842.0000,--,--,--,--,7403.0000,7394.0000
1028,2019/12/31,--,--,1218.0000,172476.0000,--,--,--,--,7304.0000,7278.0000
1027,2020/01/02,--,--,1205.0000,86755.0000,--,--,--,--,7295.0000,7299.0000
1026,2020/01/03,--,--,1196.0000,84935.0000,--,--,--,--,7306.0000,7303.0000
1025,2020/01/06,--,--,1187.0000,80477.0000,--,--,--,--,7367.0000,7365.0000
1024,2020/01/07,--,--,1181.0000,80727.0000,--,--,--,--,7329.0000,7308.0000
1023,2020/01/08,--,--,1185.0000,74606.0000,--,--,--,--,7367.0000,7380.0000
1022,2020/01/09,--,--,1171.0000,73427.0000,--,--,--,--,7319.0000,7327.0000
1021,2020/01/10,--,--,1148.0000,74588.0000,--,--,--,--,7338.0000,7399.0000
1020,2020/01/13,--,--,1129.0000,87006.0000,--,--,--,--,7506.0000,7532.0000
1019,2020/01/14,--,--,1131.0000,89820.0000,--,--,--,--,7518.0000,7490.0000
1018,2020/01/15,--,--,1121.0000,91390.0000,--,--,--,--,7513.0000,7496.0000
1017,2020/01/16,--,--,1048.0000,81137.0000,--,--,--,--,7472.0000,7490.0000
1016,2020/01/17,--,--,1037.0000,81021.0000,--,--,--,--,7473.0000,7474.0000
1015,2020/01/20,--,--,1035.0000,80974.0000,--,--,--,--,7505.0000,7526.0000
1014,2020/01/21,--,--,1033.0000,74249.0000,--,--,--,--,7476.0000,7469.0000
1013,2020/01/22,--,--,1029.0000,65581.0000,--,--,--,--,7370.0000,7394.0000
1012,2020/01/23,--,--,1028.0000,63859.0000,--,--,--,--,7329.0000,7332.0000
1011,2020/02/03,--,--,857.0000,58238.0000,--,--,--,--,6896.0000,6893.0000
1010,2020/02/04,--,--,853.0000,55884.0000,--,--,--,--,6792.0000,6583.0000
1009,2020/02/05,--,--,854.0000,58518.0000,--,--,--,--,6950.0000,6845.0000
1008,2020/02/06,--,--,1062.0000,59789.0000,--,--,--,--,6971.0000,6922.0000
1007,2020/02/07,--,--,1071.0000,60186.0000,--,--,--,--,6964.0000,6938.0000
1006,2020/02/10,--,--,1050.0000,62445.0000,--,--,--,--,6966.0000,6942.0000
1005,2020/02/11,--,--,1157.0000,65248.0000,--,--,--,--,6954.0000,6938.0000
1004,2020/02/12,--,--,1175.0000,70269.0000,--,--,--,--,6882.0000,6873.0000
1003,2020/02/13,--,--,1524.0000,72628.0000,--,--,--,--,6869.0000,6865.0000
1002,2020/02/14,--,--,1548.0000,72562.0000,--,--,--,--,6874.0000,6873.0000
1001,2020/02/17,--,--,1558.0000,73571.0000,--,--,--,--,6933.0000,6933.0000
1000,2020/02/18,--,--,1579.0000,76487.0000,--,--,--,--,6970.0000,6968.0000
999,2020/02/19,--,--,1652.0000,80432.0000,--,--,--,--,6980.0000,6950.0000
998,2020/02/20,--,--,1646.0000,84857.0000,--,--,--,--,7025.0000,6943.0000
997,2020/02/21,--,--,1645.0000,87691.0000,--,--,--,--,7049.0000,6969.0000
996,2020/02/24,--,--,1645.0000,85694.0000,--,--,--,--,6998.0000,6969.0000
995,2020/02/25,--,--,1663.0000,85634.0000,--,--,--,--,6980.0000,6882.0000
994,2020/02/26,--,--,1641.0000,86334.0000,--,--,--,--,6972.0000,6838.0000
993,2020/02/27,--,--,1632.0000,87054.0000,--,--,--,--,6851.0000,6749.0000
992,2020/02/28,--,--,1613.0000,83967.0000,--,--,--,--,6740.0000,6610.0000
991,2020/03/02,--,--,1458.0000,86350.0000,--,--,--,--,6747.0000,6642.0000
990,2020/03/03,--,--,1300.0000,92316.0000,--,--,--,--,6775.0000,6609.0000
989,2020/03/04,--,--,1300.0000,91235.0000,--,--,--,--,6742.0000,6610.0000
988,2020/03/05,--,--,1299.0000,89860.0000,--,--,--,--,6750.0000,6614.0000
987,2020/03/06,--,--,1297.0000,87742.0000,--,--,--,--,6702.0000,6577.0000
986,2020/03/09,--,--,1297.0000,86920.0000,--,--,--,--,6434.0000,6577.0000
985,2020/03/10,--,--,1296.0000,82994.0000,--,--,--,--,6199.0000,6314.0000
984,2020/03/11,--,--,1264.0000,84646.0000,--,--,--,--,6258.0000,6169.0000
983,2020/03/12,--,--,1252.0000,86336.0000,--,--,--,--,6090.0000,6041.0000
982,2020/03/13,--,--,1272.0000,85124.0000,--,--,--,--,6006.0000,6000.0000
981,2020/03/16,--,--,1267.0000,84619.0000,--,--,--,--,6016.0000,5910.0000
980,2020/03/17,--,--,1261.0000,93205.0000,--,--,--,--,5806.0000,5705.0000
979,2020/03/18,--,--,1256.0000,95746.0000,--,--,--,--,5561.0000,5612.0000
978,2020/03/19,--,--,1256.0000,88263.0000,--,--,--,--,5097.0000,5220.0000
977,2020/03/20,--,--,1246.0000,90543.0000,--,--,--,--,5106.0000,5074.0000
976,2020/03/23,--,--,1247.0000,93036.0000,--,--,--,--,4816.0000,4743.0000
975,2020/03/24,--,--,1247.0000,95313.0000,--,--,--,--,4758.0000,4556.0000
974,2020/03/25,--,--,1248.0000,123172.0000,--,--,--,--,4617.0000,4519.0000
973,2020/03/26,--,--,1100.0000,144291.0000,--,--,--,--,4599.0000,4494.0000
972,2020/03/27,--,--,1100.0000,157235.0000,--,--,--,--,4616.0000,4494.0000
971,2020/03/30,--,--,1087.0000,149897.0000,--,--,--,--,4487.0000,4314.0000
970,2020/03/31,--,--,794.0000,157281.0000,--,--,--,--,4464.0000,4336.0000
969,2020/04/01,--,--,794.0000,157367.0000,--,--,--,--,4441.0000,4336.0000
968,2020/04/02,--,--,794.0000,163917.0000,--,--,--,--,4532.0000,4510.0000
967,2020/04/03,--,--,0.0000,151779.0000,794.0000,0.0000,--,--,4739.0000,4629.0000
966,2020/04/07,--,--,8.0000,140932.0000,1194.0000,400.0000,--,--,4930.0000,4736.0000
965,2020/04/08,--,--,8.0000,132041.0000,1194.0000,0.0000,--,--,4947.0000,4736.0000
964,2020/04/09,--,--,0.0000,140308.0000,1185.0000,-9.0000,--,--,5263.0000,5162.0000
963,2020/04/10,--,--,0.0000,138106.0000,1185.0000,0.0000,--,--,5363.0000,5162.0000
962,2020/04/13,--,--,0.0000,133676.0000,1108.0000,-77.0000,--,--,5453.0000,5162.0000
961,2020/04/14,--,--,0.0000,130593.0000,1100.0000,-8.0000,--,--,5229.0000,5162.0000
960,2020/04/15,--,--,0.0000,128462.0000,900.0000,-200.0000,--,--,5372.0000,5162.0000
959,2020/04/16,--,--,0.0000,129240.0000,700.0000,-200.0000,--,--,5431.0000,5162.0000
958,2020/04/17,--,--,0.0000,129721.0000,700.0000,0.0000,--,--,5546.0000,5162.0000
957,2020/04/20,--,--,0.0000,132633.0000,501.0000,-199.0000,--,--,5484.0000,5162.0000
956,2020/04/21,--,--,0.0000,126535.0000,501.0000,0.0000,--,--,5295.0000,5162.0000
955,2020/04/22,--,--,0.0000,129726.0000,400.0000,-101.0000,--,--,4880.0000,5162.0000
954,2020/04/23,--,--,0.0000,133846.0000,400.0000,0.0000,--,--,5170.0000,5162.0000
953,2020/04/24,--,--,0.0000,131527.0000,400.0000,0.0000,--,--,5280.0000,5162.0000
952,2020/04/27,--,--,0.0000,128528.0000,200.0000,-200.0000,--,--,5331.0000,5162.0000
951,2020/04/28,--,--,5821.0000,132409.0000,0.0000,-200.0000,--,--,5351.0000,5006.0000
950,2020/04/29,--,--,4565.0000,129738.0000,--,--,--,--,5450.0000,5094.0000
949,2020/04/30,--,--,2546.0000,125366.0000,--,--,--,--,5511.0000,5183.0000
948,2020/05/06,--,--,2145.0000,131787.0000,--,--,--,--,5734.0000,5548.0000
947,2020/05/07,--,--,1692.0000,140046.0000,200.0000,200.0000,--,--,5622.0000,5405.0000
946,2020/05/08,--,--,1692.0000,136106.0000,200.0000,0.0000,--,--,5530.0000,5293.0000
945,2020/05/11,--,--,1692.0000,138983.0000,200.0000,0.0000,--,--,5504.0000,5216.0000
944,2020/05/12,--,--,400.0000,135749.0000,1432.0000,1232.0000,--,--,5446.0000,5199.0000
943,2020/05/13,--,--,400.0000,133642.0000,1832.0000,400.0000,--,--,5463.0000,5199.0000
942,2020/05/14,--,--,100.0000,133805.0000,1832.0000,0.0000,--,--,5490.0000,5199.0000
941,2020/05/15,--,--,0.0000,136431.0000,694.0000,-1138.0000,--,--,5559.0000,5199.0000
940,2020/05/18,--,--,0.0000,142044.0000,694.0000,0.0000,--,--,5699.0000,5199.0000
939,2020/05/19,--,--,0.0000,140541.0000,414.0000,-280.0000,--,--,5789.0000,5199.0000
938,2020/05/20,--,--,0.0000,141789.0000,314.0000,-100.0000,--,--,5770.0000,5199.0000
937,2020/05/21,--,--,0.0000,139707.0000,165.0000,-149.0000,--,--,5776.0000,5199.0000
936,2020/05/22,--,--,0.0000,133730.0000,165.0000,0.0000,--,--,5712.0000,5199.0000
935,2020/05/25,--,--,0.0000,132858.0000,165.0000,0.0000,--,--,5665.0000,5199.0000
934,2020/05/26,--,--,0.0000,133551.0000,145.0000,-20.0000,--,--,5706.0000,5199.0000
933,2020/05/27,--,--,1259.0000,131488.0000,137.0000,-8.0000,--,--,5708.0000,5408.0000
932,2020/05/28,--,--,1201.0000,130234.0000,0.0000,-137.0000,--,--,5678.0000,5130.0000
931,2020/05/29,--,--,1198.0000,127870.0000,--,--,--,--,5688.0000,5067.0000
930,2020/06/01,--,--,1198.0000,125781.0000,--,--,--,--,5737.0000,5400.0000
929,2020/06/02,--,--,1198.0000,126818.0000,--,--,--,--,5798.0000,5458.0000
928,2020/06/03,--,--,1198.0000,141139.0000,--,--,--,--,5900.0000,5500.0000
927,2020/06/04,--,--,1198.0000,133462.0000,--,--,--,--,5874.0000,5500.0000
926,2020/06/05,--,--,1198.0000,134143.0000,--,--,--,--,5856.0000,5500.0000
925,2020/06/08,--,--,1198.0000,133246.0000,--,--,--,--,5906.0000,5500.0000
924,2020/06/09,--,--,1198.0000,134416.0000,--,--,--,--,5869.0000,5500.0000
923,2020/06/10,--,--,1198.0000,133891.0000,--,--,--,--,5849.0000,5500.0000
922,2020/06/11,--,--,1198.0000,135109.0000,--,--,--,--,5822.0000,5500.0000
921,2020/06/12,--,--,1198.0000,130653.0000,1198.0000,1198.0000,--,--,5679.0000,5500.0000
920,2020/06/15,--,--,1198.0000,128568.0000,1198.0000,0.0000,--,--,5699.0000,5500.0000
919,2020/06/16,--,--,1198.0000,125715.0000,1198.0000,0.0000,--,--,5735.0000,5500.0000
918,2020/06/17,--,--,1198.0000,126301.0000,1198.0000,0.0000,--,--,5798.0000,5500.0000
917,2020/06/18,--,--,1198.0000,125993.0000,1198.0000,0.0000,--,--,5781.0000,5500.0000
916,2020/06/19,--,--,1198.0000,124639.0000,1198.0000,0.0000,--,--,5836.0000,5500.0000
915,2020/06/22,--,--,1198.0000,126323.0000,1198.0000,0.0000,--,--,5786.0000,5500.0000
914,2020/06/23,--,--,0.0000,124425.0000,1198.0000,0.0000,--,--,5761.0000,5500.0000
913,2020/06/24,--,--,644.0000,123665.0000,1198.0000,0.0000,--,--,5755.0000,5410.0000
912,2020/06/29,--,--,621.0000,128303.0000,1198.0000,0.0000,--,--,5665.0000,5319.0000
911,2020/06/30,--,--,606.0000,127334.0000,0.0000,-1198.0000,--,--,5672.0000,5394.0000
910,2020/07/01,--,--,406.0000,131584.0000,200.0000,200.0000,--,--,5606.0000,5394.0000
909,2020/07/02,--,--,6.0000,129904.0000,600.0000,400.0000,--,--,5648.0000,5394.0000
908,2020/07/03,--,--,0.0000,128089.0000,600.0000,0.0000,--,--,5706.0000,5360.0000
907,2020/07/06,--,--,0.0000,127952.0000,600.0000,0.0000,--,--,5707.0000,5360.0000
906,2020/07/07,--,--,0.0000,126268.0000,590.0000,-10.0000,--,--,5735.0000,5360.0000
905,2020/07/08,--,--,0.0000,125192.0000,590.0000,0.0000,--,--,5713.0000,5360.0000
904,2020/07/09,--,--,0.0000,131684.0000,590.0000,0.0000,--,--,5691.0000,5360.0000
903,2020/07/10,--,--,0.0000,154765.0000,390.0000,-200.0000,--,--,5585.0000,5360.0000
902,2020/07/13,--,--,0.0000,147558.0000,390.0000,0.0000,--,--,5579.0000,5360.0000
901,2020/07/14,--,--,0.0000,141942.0000,390.0000,0.0000,--,--,5544.0000,5360.0000
900,2020/07/15,--,--,0.0000,128863.0000,232.0000,-158.0000,--,--,5650.0000,5360.0000
899,2020/07/16,--,--,0.0000,124959.0000,232.0000,0.0000,--,--,5659.0000,5360.0000
898,2020/07/17,--,--,0.0000,128248.0000,232.0000,0.0000,--,--,5583.0000,5360.0000
897,2020/07/20,--,--,0.0000,128501.0000,232.0000,0.0000,--,--,5584.0000,5360.0000
896,2020/07/21,--,--,0.0000,127975.0000,232.0000,0.0000,--,--,5585.0000,5360.0000
895,2020/07/22,--,--,0.0000,124751.0000,232.0000,0.0000,--,--,5612.0000,5360.0000
894,2020/07/23,--,--,0.0000,131686.0000,232.0000,0.0000,--,--,5611.0000,5360.0000
893,2020/07/24,--,--,0.0000,131886.0000,232.0000,0.0000,--,--,5709.0000,5360.0000
892,2020/07/27,--,--,0.0000,130302.0000,232.0000,0.0000,--,--,5699.0000,5360.0000
891,2020/07/28,--,--,0.0000,130919.0000,232.0000,0.0000,--,--,5696.0000,5360.0000
890,2020/07/29,--,--,1254.0000,132288.0000,232.0000,0.0000,--,--,5691.0000,5300.0000
889,2020/07/30,--,--,1202.0000,128962.0000,172.0000,-60.0000,--,--,5651.0000,5418.0000
888,2020/07/31,--,--,1188.0000,132139.0000,0.0000,-172.0000,--,--,5585.0000,5203.0000
887,2020/08/03,--,--,86.0000,131372.0000,1098.0000,1098.0000,--,--,5539.0000,5020.0000
886,2020/08/04,--,--,85.0000,129085.0000,1098.0000,0.0000,--,--,5559.0000,5070.0000
885,2020/08/05,--,--,85.0000,127869.0000,1098.0000,0.0000,--,--,5562.0000,5070.0000
884,2020/08/06,--,--,85.0000,128903.0000,1098.0000,0.0000,--,--,5562.0000,5070.0000
883,2020/08/07,--,--,85.0000,140099.0000,1098.0000,0.0000,--,--,5484.0000,5070.0000
882,2020/08/10,--,--,0.0000,139465.0000,1098.0000,0.0000,--,--,5374.0000,5250.0000
881,2020/08/11,--,--,0.0000,132668.0000,1098.0000,0.0000,--,--,5458.0000,5250.0000
880,2020/08/12,--,--,0.0000,130044.0000,1098.0000,0.0000,--,--,5429.0000,5250.0000
879,2020/08/13,--,--,0.0000,127523.0000,1098.0000,0.0000,--,--,5435.0000,5250.0000
878,2020/08/14,--,--,0.0000,131434.0000,1098.0000,0.0000,--,--,5431.0000,5250.0000
877,2020/08/17,--,--,0.0000,140272.0000,1098.0000,0.0000,--,--,5344.0000,5250.0000
876,2020/08/18,--,--,0.0000,146079.0000,951.0000,-147.0000,--,--,5298.0000,5250.0000
875,2020/08/19,--,--,0.0000,151808.0000,851.0000,-100.0000,--,--,5158.0000,5250.0000
874,2020/08/20,--,--,0.0000,136908.0000,701.0000,-150.0000,--,--,5167.0000,5250.0000
873,2020/08/21,--,--,0.0000,129713.0000,701.0000,0.0000,--,--,5236.0000,5250.0000
872,2020/08/24,--,--,0.0000,124315.0000,701.0000,0.0000,--,--,5670.0000,5250.0000
871,2020/08/25,--,--,0.0000,122023.0000,701.0000,0.0000,--,--,5712.0000,5250.0000
870,2020/08/26,--,--,0.0000,121182.0000,621.0000,-80.0000,--,--,5684.0000,5250.0000
869,2020/08/27,--,--,13137.0000,124674.0000,301.0000,-320.0000,--,--,5693.0000,5336.0000
868,2020/08/28,--,--,11081.0000,121009.0000,301.0000,0.0000,--,--,5732.0000,5341.0000
867,2020/08/31,--,--,6275.0000,119260.0000,0.0000,-301.0000,--,--,5771.0000,5334.0000
866,2020/09/01,--,--,5356.0000,119616.0000,1776.0000,1776.0000,--,--,5761.0000,5322.0000
865,2020/09/02,--,--,3799.0000,120240.0000,2336.0000,560.0000,--,--,5843.0000,5426.0000
864,2020/09/03,--,--,2552.0000,116199.0000,3936.0000,1600.0000,--,--,5811.0000,5413.0000
863,2020/09/04,--,--,1718.0000,108601.0000,4336.0000,400.0000,--,--,5735.0000,5337.0000
862,2020/09/07,--,--,1618.0000,110899.0000,4436.0000,100.0000,--,--,5723.0000,5309.0000
861,2020/09/08,--,--,1618.0000,110226.0000,4076.0000,-360.0000,--,--,5674.0000,5309.0000
860,2020/09/09,--,--,1618.0000,105549.0000,4836.0000,760.0000,--,--,5591.0000,5280.0000
859,2020/09/10,--,--,718.0000,116835.0000,4836.0000,0.0000,--,--,5685.0000,5280.0000
858,2020/09/11,--,--,273.0000,115882.0000,5236.0000,400.0000,--,--,5700.0000,5280.0000
857,2020/09/14,--,--,5.0000,122196.0000,5316.0000,80.0000,--,--,5709.0000,5300.0000
856,2020/09/15,--,--,0.0000,122325.0000,2817.0000,-2499.0000,--,--,5740.0000,5883.0000
855,2020/09/16,--,--,0.0000,126663.0000,2517.0000,-300.0000,--,--,5751.0000,5883.0000
854,2020/09/17,--,--,0.0000,126193.0000,2436.0000,-81.0000,--,--,5758.0000,5883.0000
853,2020/09/18,--,--,0.0000,137826.0000,2436.0000,0.0000,--,--,5800.0000,5883.0000
852,2020/09/21,--,--,0.0000,131799.0000,2216.0000,-220.0000,--,--,5776.0000,5883.0000
851,2020/09/22,--,--,0.0000,118340.0000,2216.0000,0.0000,--,--,5663.0000,5883.0000
850,2020/09/23,--,--,0.0000,117649.0000,2216.0000,0.0000,--,--,5639.0000,5883.0000
849,2020/09/24,--,--,0.0000,117669.0000,2216.0000,0.0000,--,--,5621.0000,5883.0000
848,2020/09/25,--,--,0.0000,111641.0000,1816.0000,-400.0000,--,--,5612.0000,5883.0000
847,2020/09/28,--,--,1914.0000,104155.0000,1716.0000,-100.0000,--,--,5661.0000,5396.0000
846,2020/09/29,--,--,1881.0000,103168.0000,1098.0000,-618.0000,--,--,5679.0000,5380.0000
845,2020/09/30,--,--,1849.0000,94763.0000,0.0000,-1098.0000,--,--,5597.0000,5235.0000
844,2020/10/09,--,--,940.0000,99553.0000,909.0000,909.0000,--,--,5681.0000,5400.0000
843,2020/10/12,--,--,0.0000,110373.0000,1849.0000,940.0000,--,--,5697.0000,5400.0000
842,2020/10/13,--,--,0.0000,144436.0000,1849.0000,0.0000,--,--,5867.0000,5400.0000
841,2020/10/14,--,--,0.0000,174536.0000,1689.0000,-160.0000,--,--,6162.0000,5400.0000
840,2020/10/15,--,--,0.0000,171402.0000,1379.0000,-310.0000,--,--,6180.0000,5400.0000
839,2020/10/16,--,--,0.0000,165337.0000,1379.0000,0.0000,--,--,6181.0000,5400.0000
838,2020/10/19,--,--,0.0000,173346.0000,1099.0000,-280.0000,--,--,6380.0000,5400.0000
837,2020/10/20,--,--,0.0000,173382.0000,1059.0000,-40.0000,--,--,6399.0000,5400.0000
836,2020/10/21,--,--,0.0000,168190.0000,955.0000,-104.0000,--,--,6528.0000,5400.0000
835,2020/10/22,--,--,0.0000,174677.0000,623.0000,-332.0000,--,--,6428.0000,5400.0000
834,2020/10/23,--,--,0.0000,164395.0000,285.0000,-338.0000,--,--,6375.0000,5400.0000
833,2020/10/26,--,--,0.0000,163347.0000,223.0000,-62.0000,--,--,6371.0000,5400.0000
832,2020/10/27,--,--,0.0000,172254.0000,223.0000,0.0000,--,--,6407.0000,5400.0000
831,2020/10/28,--,--,3046.0000,183187.0000,163.0000,-60.0000,--,--,6553.0000,6708.0000
830,2020/10/29,--,--,3006.0000,216527.0000,163.0000,0.0000,--,--,6706.0000,7023.0000
829,2020/10/30,--,--,2803.0000,191869.0000,0.0000,-163.0000,--,--,6817.0000,7110.0000
828,2020/11/02,--,--,2783.0000,204183.0000,--,--,--,--,6846.0000,7190.0000
827,2020/11/03,--,--,2783.0000,192940.0000,--,--,--,--,6971.0000,7190.0000
826,2020/11/04,--,--,2783.0000,216282.0000,--,--,--,--,7180.0000,7594.0000
825,2020/11/05,--,--,2783.0000,205195.0000,--,--,--,--,7250.0000,7594.0000
824,2020/11/06,--,--,2783.0000,194332.0000,--,--,--,--,7061.0000,7594.0000
823,2020/11/09,--,--,2783.0000,215407.0000,--,--,--,--,7247.0000,7636.0000
822,2020/11/10,--,--,2783.0000,210366.0000,--,--,--,--,7443.0000,7686.0000
821,2020/11/11,--,--,2783.0000,225906.0000,--,--,--,--,7433.0000,8265.0000
820,2020/11/12,--,--,2783.0000,232368.0000,--,--,--,--,7621.0000,8400.0000
819,2020/11/13,--,--,2783.0000,255367.0000,--,--,--,--,7697.0000,8700.0000
818,2020/11/16,--,--,2783.0000,265698.0000,--,--,--,--,8148.0000,9657.0000
817,2020/11/17,--,--,1663.0000,231831.0000,1120.0000,1120.0000,--,--,8018.0000,9300.0000
816,2020/11/18,--,--,1663.0000,227660.0000,1120.0000,0.0000,--,--,7769.0000,8686.0000
815,2020/11/19,--,--,1663.0000,227352.0000,1120.0000,0.0000,--,--,7706.0000,8600.0000
814,2020/11/20,--,--,1663.0000,222468.0000,320.0000,-800.0000,--,--,7512.0000,8500.0000
813,2020/11/23,--,--,0.0000,218198.0000,1663.0000,1343.0000,--,--,7590.0000,8500.0000
812,2020/11/24,--,--,0.0000,218152.0000,1663.0000,0.0000,--,--,7395.0000,8500.0000
811,2020/11/25,--,--,0.0000,202765.0000,1663.0000,0.0000,--,--,7322.0000,8837.0000
810,2020/11/26,--,--,4334.0000,214214.0000,746.0000,-917.0000,--,--,7427.0000,7617.0000
809,2020/11/27,--,--,4330.0000,208729.0000,506.0000,-240.0000,--,--,7397.0000,7617.0000
808,2020/11/30,--,--,4295.0000,209655.0000,0.0000,-506.0000,--,--,7614.0000,7875.0000
807,2020/12/01,--,--,4295.0000,201898.0000,--,--,--,--,7562.0000,7710.0000
806,2020/12/02,--,--,4295.0000,210231.0000,--,--,--,--,7375.0000,7593.0000
805,2020/12/03,--,--,3795.0000,198964.0000,--,--,--,--,7332.0000,7649.0000
804,2020/12/04,--,--,3695.0000,196603.0000,--,--,--,--,7175.0000,7566.0000
803,2020/12/07,--,--,3695.0000,181188.0000,--,--,--,--,7172.0000,7566.0000
802,2020/12/08,--,--,3695.0000,174923.0000,--,--,--,--,7182.0000,7600.0000
801,2020/12/09,--,--,3595.0000,172383.0000,--,--,--,--,7107.0000,7496.0000
800,2020/12/10,--,--,3595.0000,168805.0000,--,--,--,--,6837.0000,7250.0000
799,2020/12/11,--,--,3595.0000,153289.0000,--,--,--,--,6776.0000,7200.0000
798,2020/12/14,--,--,2355.0000,145709.0000,1240.0000,1240.0000,--,--,6817.0000,7200.0000
797,2020/12/15,--,--,2355.0000,141918.0000,1240.0000,0.0000,--,--,6794.0000,7180.0000
796,2020/12/16,--,--,2355.0000,146570.0000,1240.0000,0.0000,--,--,6756.0000,7092.0000
795,2020/12/17,--,--,1904.0000,143990.0000,800.0000,-440.0000,--,--,6711.0000,7100.0000
794,2020/12/18,--,--,1904.0000,138629.0000,440.0000,-360.0000,--,--,6977.0000,7340.0000
793,2020/12/21,--,--,1504.0000,133210.0000,440.0000,0.0000,--,--,6798.0000,7085.0000
792,2020/12/22,--,--,1504.0000,128095.0000,320.0000,-120.0000,--,--,6587.0000,7085.0000
791,2020/12/23,--,--,1504.0000,131451.0000,0.0000,-320.0000,--,--,6411.0000,7085.0000
790,2020/12/24,--,--,1504.0000,120573.0000,--,--,--,--,6494.0000,6600.0000
789,2020/12/25,--,--,1504.0000,116826.0000,1504.0000,1504.0000,--,--,6524.0000,6600.0000
788,2020/12/28,--,--,0.0000,140436.0000,1504.0000,0.0000,--,--,6220.0000,7079.0000
787,2020/12/29,--,--,6693.0000,137291.0000,1504.0000,0.0000,--,--,6088.0000,6092.0000
786,2020/12/30,--,--,4784.0000,120416.0000,1504.0000,0.0000,--,--,6154.0000,6164.0000
785,2020/12/31,--,--,2571.0000,101602.0000,0.0000,-1504.0000,--,--,6249.0000,6231.0000
784,2021/01/04,--,--,1550.0000,101891.0000,--,--,--,--,6321.0000,6251.0000
783,2021/01/05,--,--,907.0000,100494.0000,--,--,--,--,6429.0000,6388.0000
782,2021/01/06,--,--,882.0000,106724.0000,--,--,--,--,6578.0000,6404.0000
781,2021/01/07,--,--,870.0000,113814.0000,--,--,--,--,6610.0000,6670.0000
780,2021/01/08,--,--,870.0000,109705.0000,--,--,--,--,6658.0000,6670.0000
779,2021/01/11,--,--,0.0000,105553.0000,870.0000,870.0000,--,--,6696.0000,6606.0000
778,2021/01/12,--,--,0.0000,107515.0000,870.0000,0.0000,--,--,6679.0000,6606.0000
777,2021/01/13,--,--,0.0000,117729.0000,870.0000,0.0000,--,--,6866.0000,6606.0000
776,2021/01/14,--,--,0.0000,108359.0000,424.0000,-446.0000,--,--,6799.0000,6606.0000
775,2021/01/15,--,--,0.0000,114343.0000,0.0000,-424.0000,--,--,6767.0000,6606.0000
774,2021/01/18,--,--,0.0000,121756.0000,--,--,--,--,6879.0000,6606.0000
773,2021/01/19,--,--,0.0000,141434.0000,--,--,--,--,7059.0000,6606.0000
772,2021/01/20,--,--,0.0000,142966.0000,--,--,--,--,7169.0000,6606.0000
771,2021/01/21,--,--,0.0000,140056.0000,--,--,--,--,7002.0000,6606.0000
770,2021/01/22,--,--,0.0000,141010.0000,--,--,--,--,6850.0000,6606.0000
769,2021/01/25,--,--,0.0000,133398.0000,--,--,--,--,6871.0000,6606.0000
768,2021/01/26,--,--,0.0000,137667.0000,--,--,--,--,7040.0000,6606.0000
767,2021/01/27,--,--,14004.0000,190738.0000,--,--,--,--,7283.0000,7128.0000
766,2021/01/28,--,--,7853.0000,146834.0000,--,--,--,--,7236.0000,7144.0000
765,2021/01/29,--,--,5744.0000,150540.0000,--,--,--,--,7109.0000,6941.0000
764,2021/02/01,--,--,5667.0000,159091.0000,--,--,--,--,7313.0000,7136.0000
763,2021/02/02,--,--,5630.0000,164167.0000,--,--,--,--,7456.0000,7338.0000
762,2021/02/03,--,--,5582.0000,162388.0000,--,--,--,--,7408.0000,7319.0000
761,2021/02/04,--,--,4482.0000,182561.0000,1000.0000,1000.0000,--,--,7468.0000,7549.0000
760,2021/02/05,--,--,4482.0000,190487.0000,1000.0000,0.0000,--,--,7641.0000,7605.0000
759,2021/02/08,--,--,4482.0000,180228.0000,1000.0000,0.0000,--,--,7781.0000,7674.0000
758,2021/02/09,--,--,4460.0000,178543.0000,700.0000,-300.0000,--,--,7806.0000,7755.0000
757,2021/02/10,--,--,4460.0000,143211.0000,700.0000,0.0000,--,--,7731.0000,7602.0000
756,2021/02/18,--,--,4460.0000,172627.0000,700.0000,0.0000,--,--,8528.0000,7602.0000
755,2021/02/19,--,--,4460.0000,163846.0000,0.0000,-700.0000,--,--,8772.0000,8438.0000
754,2021/02/22,--,--,200.0000,172649.0000,4460.0000,4460.0000,--,--,9192.0000,9253.0000
753,2021/02/23,--,--,0.0000,160999.0000,4460.0000,0.0000,--,--,9312.0000,7607.0000
752,2021/02/24,--,--,46089.0000,166334.0000,4460.0000,0.0000,--,--,9226.0000,9226.0000
751,2021/02/25,--,--,24922.0000,166048.0000,2520.0000,-1940.0000,--,--,9430.0000,9430.0000
750,2021/02/26,--,--,8604.0000,181015.0000,0.0000,-2520.0000,--,--,9669.0000,9669.0000
749,2021/03/01,--,--,5690.0000,160636.0000,--,--,--,--,9587.0000,9848.0000
748,2021/03/02,--,--,4983.0000,150655.0000,--,--,--,--,9062.0000,9607.0000
747,2021/03/03,--,--,4124.0000,149090.0000,--,--,--,--,9125.0000,9602.0000
746,2021/03/04,--,--,3776.0000,161217.0000,--,--,--,--,9243.0000,9519.0000
745,2021/03/05,--,--,3776.0000,159748.0000,--,--,--,--,9269.0000,9519.0000
744,2021/03/08,--,--,3722.0000,163745.0000,--,--,--,--,9503.0000,9749.0000
743,2021/03/09,--,--,3722.0000,157393.0000,--,--,--,--,9207.0000,9434.0000
742,2021/03/10,--,--,3715.0000,154887.0000,--,--,--,--,8836.0000,9100.0000
741,2021/03/11,--,--,3713.0000,156585.0000,--,--,--,--,8865.0000,9150.0000
740,2021/03/12,--,--,3713.0000,156744.0000,--,--,--,--,8909.0000,9150.0000
739,2021/03/15,--,--,3671.0000,163534.0000,--,--,--,--,8770.0000,9209.0000
738,2021/03/16,--,--,3637.0000,159237.0000,--,--,--,--,8699.0000,8905.0000
737,2021/03/17,--,--,3321.0000,171686.0000,--,--,--,--,8433.0000,8762.0000
736,2021/03/18,--,--,3321.0000,156961.0000,200.0000,200.0000,--,--,8284.0000,8680.0000
735,2021/03/19,--,--,2121.0000,174229.0000,1220.0000,1020.0000,--,--,8045.0000,8680.0000
734,2021/03/22,--,--,2101.0000,151573.0000,1020.0000,-200.0000,--,--,7949.0000,8166.0000
733,2021/03/23,--,--,2000.0000,153324.0000,1020.0000,0.0000,--,--,8005.0000,8131.0000
732,2021/03/24,--,--,0.0000,151308.0000,2360.0000,1340.0000,--,--,8059.0000,8215.0000
731,2021/03/25,--,--,0.0000,147296.0000,2360.0000,0.0000,--,--,8223.0000,8215.0000
730,2021/03/26,--,--,0.0000,156264.0000,2300.0000,-60.0000,--,--,8273.0000,8683.0000
729,2021/03/29,--,--,5904.0000,145522.0000,1710.0000,-590.0000,--,--,8323.0000,8524.0000
728,2021/03/30,--,--,5600.0000,141294.0000,1610.0000,-100.0000,--,--,8323.0000,8495.0000
727,2021/03/31,--,--,5521.0000,145987.0000,0.0000,-1610.0000,--,--,8473.0000,8619.0000
726,2021/04/01,--,--,5585.0000,193762.0000,--,--,--,--,8714.0000,8915.0000
725,2021/04/02,--,--,5585.0000,184426.0000,--,--,--,--,8850.0000,8947.0000
724,2021/04/06,--,--,5604.0000,207789.0000,--,--,--,--,9087.0000,9299.0000
723,2021/04/07,--,--,5602.0000,209920.0000,--,--,--,--,9094.0000,9170.0000
722,2021/04/08,--,--,5250.0000,204438.0000,--,--,--,--,8827.0000,8878.0000
721,2021/04/09,--,--,5240.0000,193347.0000,--,--,--,--,8600.0000,8740.0000
720,2021/04/12,--,--,5240.0000,187355.0000,--,--,--,--,8550.0000,8716.0000
719,2021/04/13,--,--,5240.0000,195905.0000,--,--,--,--,8525.0000,8700.0000
718,2021/04/14,--,--,4840.0000,205229.0000,--,--,--,--,8749.0000,8988.0000
717,2021/04/15,--,--,4840.0000,218466.0000,--,--,--,--,8950.0000,8988.0000
716,2021/04/16,--,--,4840.0000,224406.0000,--,--,--,--,8964.0000,8988.0000
715,2021/04/19,--,--,4720.0000,244089.0000,--,--,--,--,9127.0000,9358.0000
714,2021/04/20,--,--,4621.0000,256134.0000,--,--,--,--,9326.0000,9534.0000
713,2021/04/21,--,--,4378.0000,281086.0000,--,--,--,--,9434.0000,9879.0000
712,2021/04/22,--,--,4168.0000,258319.0000,--,--,--,--,9301.0000,9869.0000
711,2021/04/23,--,--,3000.0000,263698.0000,--,--,--,--,9227.0000,9686.0000
710,2021/04/26,--,--,0.0000,263949.0000,3000.0000,3000.0000,--,--,9365.0000,9904.0000
709,2021/04/27,--,--,0.0000,241446.0000,3000.0000,0.0000,--,--,8986.0000,9578.0000
708,2021/04/28,--,--,15142.0000,242196.0000,3000.0000,0.0000,--,--,9004.0000,9172.0000
707,2021/04/29,--,--,7375.0000,236932.0000,1184.0000,-1816.0000,--,--,9112.0000,9256.0000
706,2021/04/30,--,--,3291.0000,212979.0000,0.0000,-1184.0000,--,--,9013.0000,9189.0000
705,2021/05/06,--,--,3114.0000,234562.0000,--,--,--,--,9261.0000,9399.0000
704,2021/05/07,--,--,2679.0000,266361.0000,--,--,--,--,9553.0000,9439.0000
703,2021/05/10,--,--,2562.0000,257842.0000,--,--,--,--,9855.0000,10112.0000
702,2021/05/11,--,--,2284.0000,252418.0000,--,--,--,--,9806.0000,10112.0000
701,2021/05/12,--,--,2204.0000,254052.0000,--,--,--,--,9849.0000,10196.0000
700,2021/05/13,--,--,1991.0000,241228.0000,--,--,--,--,9937.0000,10368.0000
699,2021/05/14,--,--,1986.0000,237547.0000,--,--,--,--,9688.0000,9883.0000
698,2021/05/17,--,--,1975.0000,254197.0000,--,--,--,--,9932.0000,10162.0000
697,2021/05/18,--,--,1946.0000,260069.0000,--,--,--,--,10023.0000,10255.0000
696,2021/05/19,--,--,1922.0000,252264.0000,--,--,--,--,9907.0000,10377.0000
695,2021/05/20,--,--,1921.0000,250997.0000,--,--,--,--,9705.0000,10185.0000
694,2021/05/21,--,--,1914.0000,243803.0000,--,--,--,--,9520.0000,9999.0000
693,2021/05/24,--,--,1880.0000,227509.0000,0.0000,0.0000,--,--,9270.0000,9713.0000
692,2021/05/25,--,--,1880.0000,225624.0000,1540.0000,1540.0000,--,--,9268.0000,9728.0000
691,2021/05/26,--,--,0.0000,225102.0000,1540.0000,0.0000,--,--,9190.0000,10183.0000
690,2021/05/27,--,--,13965.0000,230773.0000,1540.0000,0.0000,--,--,8701.0000,9027.0000
689,2021/05/28,--,--,7028.0000,225188.0000,1540.0000,0.0000,--,--,8612.0000,8924.0000
688,2021/05/31,--,--,2518.0000,206205.0000,0.0000,-1540.0000,--,--,8638.0000,8999.0000
687,2021/06/01,--,--,1390.0000,194465.0000,--,--,--,--,8851.0000,9315.0000
686,2021/06/02,--,--,765.0000,196998.0000,--,--,--,--,9052.0000,9676.0000
685,2021/06/03,--,--,676.0000,204557.0000,--,--,--,--,9065.0000,9558.0000
684,2021/06/04,--,--,637.0000,209178.0000,--,--,--,--,8902.0000,9378.0000
683,2021/06/07,--,--,662.0000,227015.0000,--,--,--,--,8748.0000,8790.0000
682,2021/06/08,--,--,647.0000,234918.0000,--,--,--,--,8469.0000,8949.0000
681,2021/06/09,--,--,253.0000,244967.0000,--,--,--,--,8460.0000,8762.0000
680,2021/06/10,--,--,253.0000,261630.0000,--,--,--,--,8365.0000,8762.0000
679,2021/06/11,--,--,213.0000,244377.0000,--,--,--,--,8409.0000,8782.0000
678,2021/06/15,--,--,213.0000,245682.0000,--,--,--,--,8395.0000,8782.0000
677,2021/06/16,--,--,213.0000,244443.0000,--,--,--,--,8551.0000,8782.0000
676,2021/06/17,--,--,213.0000,245219.0000,--,--,--,--,8488.0000,8833.0000
675,2021/06/18,--,--,213.0000,246014.0000,--,--,--,--,8435.0000,8833.0000
674,2021/06/21,--,--,213.0000,265693.0000,--,--,--,--,8339.0000,8833.0000
673,2021/06/22,--,--,213.0000,255076.0000,31.0000,31.0000,--,--,8452.0000,8833.0000
672,2021/06/23,--,--,213.0000,269021.0000,213.0000,182.0000,--,--,8671.0000,8850.0000
671,2021/06/24,--,--,31.0000,270564.0000,213.0000,0.0000,--,--,8791.0000,8850.0000
670,2021/06/25,--,--,0.0000,276367.0000,213.0000,0.0000,--,--,8834.0000,8785.0000
669,2021/06/28,--,--,8448.0000,291888.0000,213.0000,0.0000,--,--,8885.0000,8968.0000
668,2021/06/29,--,--,5802.0000,278926.0000,39.0000,-174.0000,--,--,8900.0000,8973.0000
667,2021/06/30,--,--,1975.0000,299290.0000,0.0000,-39.0000,--,--,9140.0000,9254.0000
666,2021/07/01,--,--,1796.0000,315698.0000,--,--,--,--,9251.0000,9387.0000
665,2021/07/02,--,--,1679.0000,312228.0000,--,--,--,--,9425.0000,9435.0000
664,2021/07/05,--,--,1440.0000,300313.0000,--,--,--,--,9424.0000,9651.0000
663,2021/07/06,--,--,1000.0000,284814.0000,--,--,--,--,9287.0000,9416.0000
662,2021/07/07,--,--,961.0000,269074.0000,--,--,--,--,9029.0000,9285.0000
661,2021/07/08,--,--,861.0000,265776.0000,--,--,--,--,9074.0000,9264.0000
660,2021/07/09,--,--,837.0000,268948.0000,--,--,--,--,9129.0000,9300.0000
659,2021/07/12,--,--,837.0000,261755.0000,--,--,--,--,9209.0000,9033.0000
658,2021/07/13,--,--,838.0000,255404.0000,--,--,--,--,9013.0000,9009.0000
657,2021/07/14,--,--,825.0000,263035.0000,100.0000,100.0000,--,--,9118.0000,9339.0000
656,2021/07/15,--,--,523.0000,259424.0000,187.0000,87.0000,--,--,9177.0000,9324.0000
655,2021/07/16,--,--,434.0000,258382.0000,187.0000,0.0000,--,--,9115.0000,9260.0000
654,2021/07/19,--,--,433.0000,268920.0000,187.0000,0.0000,--,--,9251.0000,9375.0000
653,2021/07/20,--,--,433.0000,255738.0000,205.0000,18.0000,--,--,8922.0000,9300.0000
652,2021/07/21,--,--,295.0000,240176.0000,205.0000,0.0000,--,--,8937.0000,9300.0000
651,2021/07/22,--,--,231.0000,252993.0000,269.0000,64.0000,--,--,9085.0000,9300.0000
650,2021/07/23,--,--,231.0000,275049.0000,169.0000,-100.0000,--,--,9254.0000,9300.0000
649,2021/07/26,--,--,231.0000,272491.0000,69.0000,-100.0000,--,--,9275.0000,10222.0000
648,2021/07/27,--,--,0.0000,282521.0000,0.0000,-69.0000,--,--,9305.0000,9324.0000
647,2021/07/28,--,--,7421.0000,272381.0000,231.0000,231.0000,--,--,9211.0000,9271.0000
646,2021/07/29,--,--,3192.0000,260663.0000,231.0000,0.0000,--,--,9199.0000,9271.0000
645,2021/07/30,--,--,1834.0000,245123.0000,0.0000,-231.0000,--,--,9064.0000,9138.0000
644,2021/08/02,--,--,1556.0000,232474.0000,--,--,--,--,8953.0000,9144.0000
643,2021/08/03,--,--,1202.0000,246559.0000,--,--,--,--,8714.0000,8981.0000
642,2021/08/04,--,--,565.0000,236342.0000,--,--,--,--,8695.0000,9186.0000
641,2021/08/05,--,--,565.0000,241136.0000,--,--,--,--,8698.0000,9136.0000
640,2021/08/06,--,--,565.0000,237214.0000,--,--,--,--,8598.0000,8612.0000
639,2021/08/09,--,--,392.0000,244035.0000,170.0000,170.0000,--,--,8574.0000,8719.0000
638,2021/08/10,--,--,392.0000,240458.0000,170.0000,0.0000,--,--,8627.0000,8719.0000
637,2021/08/11,--,--,382.0000,249295.0000,170.0000,0.0000,--,--,8711.0000,8880.0000
636,2021/08/12,--,--,402.0000,243308.0000,143.0000,-27.0000,--,--,8841.0000,9000.0000
635,2021/08/13,--,--,402.0000,248500.0000,143.0000,0.0000,--,--,8799.0000,8950.0000
634,2021/08/16,--,--,232.0000,244926.0000,223.0000,80.0000,--,--,8822.0000,8856.0000
633,2021/08/17,--,--,59.0000,248767.0000,259.0000,36.0000,--,--,8671.0000,8794.0000
632,2021/08/18,--,--,59.0000,249121.0000,259.0000,0.0000,--,--,8535.0000,8735.0000
631,2021/08/19,--,--,45.0000,264378.0000,251.0000,-8.0000,--,--,8436.0000,8570.0000
630,2021/08/20,--,--,45.0000,253376.0000,251.0000,0.0000,--,--,8337.0000,8570.0000
629,2021/08/23,--,--,0.0000,236346.0000,296.0000,45.0000,--,--,8487.0000,8788.0000
628,2021/08/24,--,--,0.0000,236716.0000,196.0000,-100.0000,--,--,8595.0000,8788.0000
627,2021/08/25,--,--,0.0000,242837.0000,196.0000,0.0000,--,--,8555.0000,8788.0000
626,2021/08/26,--,--,0.0000,248183.0000,113.0000,-83.0000,--,--,8437.0000,8795.0000
625,2021/08/27,--,--,4663.0000,241859.0000,113.0000,0.0000,--,--,8494.0000,8599.0000
624,2021/08/30,--,--,3328.0000,235220.0000,113.0000,0.0000,--,--,8684.0000,8755.0000
623,2021/08/31,--,--,1334.0000,244204.0000,0.0000,-113.0000,--,--,8751.0000,8807.0000
622,2021/09/01,--,--,904.0000,233271.0000,--,--,--,--,8800.0000,8822.0000
621,2021/09/02,--,--,874.0000,244161.0000,--,--,--,--,8853.0000,8900.0000
620,2021/09/03,--,--,874.0000,241513.0000,135.0000,135.0000,--,--,8853.0000,8900.0000
619,2021/09/06,--,--,424.0000,242113.0000,570.0000,435.0000,--,--,8821.0000,8900.0000
618,2021/09/07,--,--,424.0000,234246.0000,570.0000,0.0000,--,--,8835.0000,8888.0000
617,2021/09/08,--,--,424.0000,273575.0000,570.0000,0.0000,--,--,9052.0000,8888.0000
616,2021/09/09,--,--,424.0000,277584.0000,691.0000,121.0000,--,--,9390.0000,8888.0000
615,2021/09/10,--,--,388.0000,262951.0000,651.0000,-40.0000,--,--,9153.0000,8888.0000
614,2021/09/13,--,--,388.0000,271522.0000,651.0000,0.0000,--,--,9374.0000,8888.0000
613,2021/09/14,--,--,388.0000,273878.0000,651.0000,0.0000,--,--,9550.0000,8888.0000
612,2021/09/15,--,--,388.0000,270904.0000,616.0000,-35.0000,--,--,9493.0000,8888.0000
611,2021/09/16,--,--,218.0000,258519.0000,786.0000,170.0000,--,--,9676.0000,8888.0000
610,2021/09/17,--,--,0.0000,232259.0000,666.0000,-120.0000,--,--,9270.0000,9188.0000
609,2021/09/22,--,--,0.0000,231639.0000,666.0000,0.0000,--,--,9098.0000,9188.0000
608,2021/09/23,--,--,0.0000,229246.0000,495.0000,-171.0000,--,--,9071.0000,9188.0000
607,2021/09/24,--,--,0.0000,218464.0000,95.0000,-400.0000,--,--,9055.0000,9188.0000
606,2021/09/27,--,--,0.0000,217432.0000,0.0000,-95.0000,--,--,9109.0000,9188.0000
605,2021/09/28,--,--,8900.0000,215444.0000,--,--,--,--,9136.0000,9101.0000
604,2021/09/29,--,--,3822.0000,185998.0000,--,--,--,--,9151.0000,9088.0000
603,2021/09/30,--,--,2390.0000,173156.0000,--,--,--,--,9238.0000,9085.0000
602,2021/10/08,--,--,2360.0000,185459.0000,--,--,--,--,9561.0000,9417.0000
601,2021/10/11,--,--,1953.0000,207846.0000,--,--,--,--,9867.0000,9663.0000
600,2021/10/12,--,--,1934.0000,202776.0000,813.0000,813.0000,--,--,10030.0000,9901.0000
599,2021/10/13,--,--,1242.0000,197170.0000,1263.0000,450.0000,--,--,9701.0000,9645.0000
598,2021/10/14,--,--,420.0000,189758.0000,1383.0000,120.0000,--,--,9551.0000,9338.0000
597,2021/10/15,--,--,420.0000,203934.0000,1383.0000,0.0000,--,--,9711.0000,9740.0000
596,2021/10/18,--,--,456.0000,200867.0000,1033.0000,-350.0000,--,--,9737.0000,9660.0000
595,2021/10/19,--,--,185.0000,206234.0000,372.0000,-661.0000,--,--,9598.0000,9556.0000
594,2021/10/20,--,--,108.0000,193020.0000,372.0000,0.0000,--,--,9316.0000,9194.0000
593,2021/10/21,--,--,108.0000,188754.0000,360.0000,-12.0000,--,--,9490.0000,9400.0000
592,2021/10/22,--,--,20.0000,191460.0000,395.0000,35.0000,--,--,9379.0000,9400.0000
591,2021/10/25,--,--,20.0000,190172.0000,217.0000,-178.0000,--,--,9572.0000,9400.0000
590,2021/10/26,--,--,0.0000,182603.0000,217.0000,0.0000,--,--,9566.0000,9566.0000
589,2021/10/27,--,--,5533.0000,188343.0000,149.0000,-68.0000,--,--,9267.0000,9326.0000
588,2021/10/28,--,--,4195.0000,179974.0000,42.0000,-107.0000,--,--,9106.0000,9146.0000
587,2021/10/29,--,--,2177.0000,185546.0000,0.0000,-42.0000,--,--,9291.0000,9325.0000
586,2021/11/01,--,--,1783.0000,186841.0000,--,--,--,--,9403.0000,9398.0000
585,2021/11/02,--,--,1632.0000,184593.0000,--,--,--,--,9251.0000,9240.0000
584,2021/11/03,--,--,1608.0000,181676.0000,--,--,--,--,9145.0000,9314.0000
583,2021/11/04,--,--,1461.0000,185706.0000,--,--,--,--,9129.0000,9315.0000
582,2021/11/05,--,--,1261.0000,196875.0000,--,--,--,--,9168.0000,9314.0000
581,2021/11/08,--,--,318.0000,196466.0000,944.0000,944.0000,--,--,9201.0000,9314.0000
580,2021/11/09,--,--,282.0000,213960.0000,1144.0000,200.0000,--,--,9014.0000,9054.0000
579,2021/11/10,--,--,63.0000,198406.0000,1144.0000,0.0000,--,--,8960.0000,9083.0000
578,2021/11/11,--,--,63.0000,216570.0000,744.0000,-400.0000,--,--,8749.0000,9083.0000
577,2021/11/12,--,--,63.0000,207991.0000,544.0000,-200.0000,--,--,8796.0000,9083.0000
576,2021/11/15,--,--,63.0000,217947.0000,289.0000,-255.0000,--,--,8672.0000,9083.0000
575,2021/11/16,--,--,63.0000,212667.0000,289.0000,0.0000,--,--,8578.0000,9083.0000
574,2021/11/17,--,--,63.0000,224560.0000,260.0000,-29.0000,--,--,8489.0000,9083.0000
573,2021/11/18,--,--,63.0000,231664.0000,323.0000,63.0000,--,--,8318.0000,9083.0000
572,2021/11/19,--,--,0.0000,214892.0000,295.0000,-28.0000,--,--,8344.0000,9083.0000
571,2021/11/22,--,--,0.0000,204983.0000,276.0000,-19.0000,--,--,8327.0000,9083.0000
570,2021/11/23,--,--,0.0000,208157.0000,276.0000,0.0000,--,--,8241.0000,9083.0000
569,2021/11/24,--,--,0.0000,212796.0000,194.0000,-82.0000,--,--,8097.0000,9083.0000
568,2021/11/25,--,--,0.0000,228927.0000,70.0000,-124.0000,--,--,8083.0000,9083.0000
567,2021/11/26,--,--,6512.0000,262421.0000,70.0000,0.0000,--,--,7855.0000,8011.0000
566,2021/11/29,--,--,3839.0000,251347.0000,54.0000,-16.0000,--,--,7577.0000,7667.0000
565,2021/11/30,--,--,2148.0000,235726.0000,0.0000,-54.0000,--,--,7618.0000,7695.0000
564,2021/12/01,--,--,2113.0000,221191.0000,--,--,--,--,7633.0000,7745.0000
563,2021/12/02,--,--,1371.0000,218143.0000,--,--,--,--,7798.0000,7880.0000
562,2021/12/03,--,--,1120.0000,213864.0000,--,--,--,--,7849.0000,8033.0000
561,2021/12/06,--,--,1100.0000,210591.0000,--,--,--,--,8003.0000,8157.0000
560,2021/12/07,--,--,1067.0000,206455.0000,--,--,--,--,7977.0000,8167.0000
559,2021/12/08,--,--,1017.0000,202859.0000,--,--,--,--,8035.0000,8148.0000
558,2021/12/09,--,--,1017.0000,201312.0000,--,--,--,--,7890.0000,8148.0000
557,2021/12/10,--,--,1017.0000,211274.0000,--,--,--,--,8014.0000,8180.0000
556,2021/12/13,--,--,1022.0000,210421.0000,--,--,--,--,8133.0000,8106.0000
555,2021/12/14,--,--,1021.0000,216717.0000,--,--,--,--,8152.0000,8229.0000
554,2021/12/15,--,--,871.0000,207920.0000,--,--,--,--,8171.0000,8330.0000
553,2021/12/16,--,--,762.0000,203223.0000,--,--,--,--,8109.0000,8173.0000
552,2021/12/17,--,--,762.0000,209465.0000,--,--,--,--,8110.0000,8201.0000
551,2021/12/20,--,--,762.0000,198141.0000,--,--,--,--,7895.0000,7998.0000
550,2021/12/21,--,--,756.0000,199785.0000,684.0000,684.0000,--,--,7807.0000,7856.0000
549,2021/12/22,--,--,753.0000,211312.0000,684.0000,0.0000,--,--,7748.0000,7886.0000
548,2021/12/23,--,--,753.0000,188377.0000,684.0000,0.0000,--,--,7857.0000,7994.0000
547,2021/12/24,--,--,753.0000,209041.0000,684.0000,0.0000,--,--,8228.0000,8266.0000
546,2021/12/27,--,--,753.0000,199774.0000,684.0000,0.0000,--,--,8234.0000,8303.0000
545,2021/12/28,--,--,0.0000,203077.0000,753.0000,69.0000,--,--,8256.0000,8246.0000
544,2021/12/29,--,--,4446.0000,199346.0000,753.0000,0.0000,--,--,8293.0000,8276.0000
543,2021/12/30,--,--,2886.0000,209349.0000,753.0000,0.0000,--,--,8409.0000,8331.0000
542,2021/12/31,--,--,1413.0000,216167.0000,0.0000,-753.0000,--,--,8534.0000,8422.0000
541,2022/01/04,--,--,698.0000,217580.0000,--,--,--,--,8618.0000,8542.0000
540,2022/01/05,--,--,551.0000,210731.0000,--,--,--,--,8533.0000,8498.0000
539,2022/01/06,--,--,551.0000,202846.0000,--,--,--,--,8428.0000,8337.0000
538,2022/01/07,--,--,548.0000,209486.0000,--,--,--,--,8580.0000,8480.0000
537,2022/01/10,--,--,531.0000,187412.0000,--,--,--,--,8451.0000,8510.0000
536,2022/01/11,--,--,516.0000,189119.0000,--,--,--,--,8420.0000,8445.0000
535,2022/01/12,--,--,516.0000,204831.0000,--,--,--,--,8602.0000,8445.0000
534,2022/01/13,--,--,516.0000,196849.0000,--,--,--,--,8589.0000,8445.0000
533,2022/01/14,--,--,517.0000,214931.0000,--,--,--,--,8574.0000,8490.0000
532,2022/01/17,--,--,517.0000,215504.0000,--,--,--,--,8718.0000,8685.0000
531,2022/01/18,--,--,516.0000,192243.0000,--,--,--,--,8542.0000,8512.0000
530,2022/01/19,--,--,0.0000,197021.0000,516.0000,516.0000,--,--,8723.0000,8512.0000
529,2022/01/20,--,--,0.0000,189640.0000,516.0000,0.0000,--,--,8594.0000,8512.0000
528,2022/01/21,--,--,0.0000,203890.0000,516.0000,0.0000,--,--,8433.0000,8512.0000
527,2022/01/24,--,--,0.0000,188336.0000,213.0000,-303.0000,--,--,8456.0000,8512.0000
526,2022/01/25,--,--,0.0000,179065.0000,0.0000,-213.0000,--,--,8608.0000,8565.0000
525,2022/01/26,--,--,7575.0000,228375.0000,--,--,--,--,8796.0000,8715.0000
524,2022/01/27,--,--,4774.0000,219200.0000,--,--,--,--,9043.0000,9016.0000
523,2022/01/28,--,--,2952.0000,193129.0000,--,--,--,--,9142.0000,9127.0000
522,2022/02/07,--,--,2744.0000,198425.0000,--,--,--,--,9411.0000,9340.0000
521,2022/02/08,--,--,2537.0000,192632.0000,--,--,--,--,9264.0000,9254.0000
520,2022/02/09,--,--,2533.0000,187767.0000,--,--,--,--,9014.0000,8879.0000
519,2022/02/10,--,--,2421.0000,192111.0000,--,--,--,--,9001.0000,8879.0000
518,2022/02/11,--,--,2311.0000,201335.0000,100.0000,100.0000,--,--,9040.0000,9045.0000
517,2022/02/14,--,--,2323.0000,204069.0000,100.0000,0.0000,--,--,9182.0000,9026.0000
516,2022/02/15,--,--,2313.0000,206473.0000,100.0000,0.0000,--,--,9069.0000,9022.0000
515,2022/02/16,--,--,2219.0000,203603.0000,100.0000,0.0000,--,--,8903.0000,8848.0000
514,2022/02/17,--,--,1603.0000,200629.0000,720.0000,620.0000,--,--,8824.0000,8829.0000
513,2022/02/18,--,--,1020.0000,186562.0000,1120.0000,400.0000,--,--,8857.0000,8838.0000
512,2022/02/21,--,--,520.0000,191804.0000,1620.0000,500.0000,--,--,8909.0000,8838.0000
511,2022/02/22,--,--,220.0000,195748.0000,1920.0000,300.0000,--,--,9075.0000,8838.0000
510,2022/02/23,--,--,0.0000,194107.0000,1918.0000,-2.0000,--,--,9134.0000,8894.0000
509,2022/02/24,--,--,18897.0000,202133.0000,718.0000,-1200.0000,--,--,9306.0000,9306.0000
508,2022/02/25,--,--,8747.0000,197641.0000,318.0000,-400.0000,--,--,9347.0000,9365.0000
507,2022/02/28,--,--,4422.0000,188312.0000,0.0000,-318.0000,--,--,9307.0000,9280.0000
506,2022/03/01,--,--,3639.0000,182952.0000,60.0000,60.0000,--,--,9140.0000,9177.0000
505,2022/03/02,--,--,3539.0000,198911.0000,92.0000,32.0000,--,--,9409.0000,9453.0000
504,2022/03/03,--,--,3502.0000,196908.0000,995.0000,903.0000,--,--,9714.0000,9513.0000
503,2022/03/04,--,--,1999.0000,187295.0000,1595.0000,600.0000,--,--,9789.0000,9715.0000
502,2022/03/07,--,--,1933.0000,190690.0000,1595.0000,0.0000,--,--,10174.0000,10233.0000
501,2022/03/08,--,--,1824.0000,197436.0000,2585.0000,990.0000,--,--,10287.0000,10697.0000
500,2022/03/09,--,--,734.0000,198136.0000,2196.0000,-389.0000,--,--,10472.0000,10550.0000
499,2022/03/10,--,--,579.0000,178359.0000,1978.0000,-218.0000,--,--,10066.0000,10110.0000
498,2022/03/11,--,--,526.0000,178730.0000,1744.0000,-234.0000,--,--,10059.0000,10144.0000
497,2022/03/14,--,--,480.0000,180195.0000,1144.0000,-600.0000,--,--,9793.0000,9898.0000
496,2022/03/15,--,--,480.0000,188848.0000,1144.0000,0.0000,--,--,9673.0000,9640.0000
495,2022/03/16,--,--,378.0000,185276.0000,1064.0000,-80.0000,--,--,9439.0000,9499.0000
494,2022/03/17,--,--,379.0000,187405.0000,1064.0000,0.0000,--,--,9521.0000,9430.0000
493,2022/03/18,--,--,379.0000,194768.0000,1064.0000,0.0000,--,--,9656.0000,9688.0000
492,2022/03/21,--,--,308.0000,187173.0000,1064.0000,0.0000,--,--,9585.0000,9340.0000
491,2022/03/22,--,--,295.0000,190244.0000,1064.0000,0.0000,--,--,9681.0000,9752.0000
490,2022/03/23,--,--,295.0000,201774.0000,764.0000,-300.0000,--,--,9738.0000,9752.0000
489,2022/03/24,--,--,295.0000,203222.0000,575.0000,-189.0000,--,--,9936.0000,9903.0000
488,2022/03/25,--,--,295.0000,200568.0000,575.0000,0.0000,--,--,9955.0000,9981.0000
487,2022/03/28,--,--,0.0000,196737.0000,723.0000,148.0000,--,--,9896.0000,9377.0000
486,2022/03/29,--,--,4822.0000,195537.0000,523.0000,-200.0000,--,--,9810.0000,9811.0000
485,2022/03/30,--,--,3276.0000,194340.0000,523.0000,0.0000,--,--,9802.0000,9816.0000
484,2022/03/31,--,--,2229.0000,183024.0000,0.0000,-523.0000,--,--,9753.0000,9804.0000
483,2022/04/01,--,--,1234.0000,179149.0000,693.0000,693.0000,--,--,9758.0000,9795.0000
482,2022/04/06,--,--,1261.0000,196950.0000,693.0000,0.0000,--,--,9868.0000,9882.0000
481,2022/04/07,--,--,1156.0000,210361.0000,693.0000,0.0000,--,--,10015.0000,10025.0000
480,2022/04/08,--,--,780.0000,216202.0000,693.0000,0.0000,--,--,9940.0000,9965.0000
479,2022/04/11,--,--,780.0000,202845.0000,693.0000,0.0000,--,--,9846.0000,9700.0000
478,2022/04/12,--,--,781.0000,204496.0000,693.0000,0.0000,--,--,9761.0000,9664.0000
477,2022/04/13,--,--,755.0000,205258.0000,693.0000,0.0000,--,--,9778.0000,9669.0000
476,2022/04/14,--,--,747.0000,203530.0000,693.0000,0.0000,--,--,9769.0000,9698.0000
475,2022/04/15,--,--,524.0000,219061.0000,1044.0000,351.0000,--,--,9577.0000,9576.0000
474,2022/04/18,--,--,228.0000,211804.0000,1044.0000,0.0000,--,--,9595.0000,9663.0000
473,2022/04/19,--,--,108.0000,224291.0000,1003.0000,-41.0000,--,--,9579.0000,9600.0000
472,2022/04/20,--,--,74.0000,213095.0000,959.0000,-44.0000,--,--,9628.0000,9750.0000
471,2022/04/21,--,--,74.0000,197524.0000,959.0000,0.0000,--,--,9862.0000,9750.0000
470,2022/04/22,--,--,74.0000,191380.0000,543.0000,-416.0000,--,--,9828.0000,9750.0000
469,2022/04/25,--,--,74.0000,203979.0000,543.0000,0.0000,--,--,9564.0000,9750.0000
468,2022/04/26,--,--,0.0000,199197.0000,343.0000,-200.0000,--,--,9454.0000,9591.0000
467,2022/04/27,--,--,7350.0000,194955.0000,295.0000,-48.0000,--,--,9639.0000,9608.0000
466,2022/04/28,--,--,3910.0000,193551.0000,74.0000,-221.0000,--,--,9626.0000,9666.0000
465,2022/04/29,--,--,3361.0000,190415.0000,0.0000,-74.0000,--,--,9788.0000,9809.0000
464,2022/05/05,--,--,3338.0000,203046.0000,--,--,--,--,9957.0000,10156.0000
463,2022/05/06,--,--,2826.0000,218985.0000,--,--,--,--,10092.0000,10153.0000
462,2022/05/09,--,--,2492.0000,223367.0000,360.0000,360.0000,--,--,10043.0000,10113.0000
461,2022/05/10,--,--,2094.0000,197978.0000,360.0000,0.0000,--,--,9773.0000,10061.0000
460,2022/05/11,--,--,1687.0000,195589.0000,740.0000,380.0000,--,--,9769.0000,9900.0000
459,2022/05/12,--,--,1690.0000,223784.0000,740.0000,0.0000,--,--,9917.0000,9934.0000
458,2022/05/13,--,--,1704.0000,241942.0000,740.0000,0.0000,--,--,10063.0000,10024.0000
457,2022/05/16,--,--,1709.0000,236729.0000,740.0000,0.0000,--,--,10114.0000,10090.0000
456,2022/05/17,--,--,1338.0000,241261.0000,1381.0000,641.0000,--,--,10104.0000,10059.0000
455,2022/05/18,--,--,1340.0000,245066.0000,1381.0000,0.0000,--,--,10151.0000,10163.0000
454,2022/05/19,--,--,19.0000,231672.0000,2702.0000,1321.0000,--,--,10065.0000,10163.0000
453,2022/05/20,--,--,0.0000,221570.0000,2682.0000,-20.0000,--,--,10033.0000,10091.0000
452,2022/05/23,--,--,0.0000,208716.0000,2582.0000,-100.0000,--,--,10070.0000,10091.0000
451,2022/05/24,--,--,0.0000,204312.0000,1840.0000,-742.0000,--,--,9987.0000,10091.0000
450,2022/05/25,--,--,0.0000,214955.0000,1809.0000,-31.0000,--,--,10015.0000,10091.0000
449,2022/05/26,--,--,0.0000,264506.0000,909.0000,-900.0000,--,--,10153.0000,10085.0000
448,2022/05/27,--,--,15049.0000,279411.0000,269.0000,-640.0000,--,--,10381.0000,10408.0000
447,2022/05/30,--,--,10418.0000,265836.0000,269.0000,0.0000,--,--,10402.0000,10418.0000
446,2022/05/31,--,--,4221.0000,280718.0000,0.0000,-269.0000,--,--,10485.0000,10512.0000
445,2022/06/01,--,--,2413.0000,278570.0000,585.0000,585.0000,--,--,10495.0000,10518.0000
444,2022/06/02,--,--,2392.0000,285185.0000,585.0000,0.0000,--,--,10505.0000,10543.0000
443,2022/06/06,--,--,2392.0000,327457.0000,585.0000,0.0000,--,--,10869.0000,10750.0000
442,2022/06/07,--,--,2163.0000,314163.0000,690.0000,105.0000,--,--,10920.0000,10861.0000
441,2022/06/08,--,--,1580.0000,326209.0000,690.0000,0.0000,--,--,11108.0000,11158.0000
440,2022/06/09,--,--,1504.0000,325252.0000,690.0000,0.0000,--,--,11343.0000,11161.0000
439,2022/06/10,--,--,1136.0000,339873.0000,915.0000,225.0000,--,--,11349.0000,11386.0000
438,2022/06/13,--,--,797.0000,311153.0000,816.0000,-99.0000,--,--,11173.0000,11365.0000
437,2022/06/14,--,--,796.0000,294694.0000,816.0000,0.0000,--,--,10977.0000,11040.0000
436,2022/06/15,--,--,796.0000,279638.0000,591.0000,-225.0000,--,--,10936.0000,11339.0000
435,2022/06/16,--,--,796.0000,275719.0000,585.0000,-6.0000,--,--,10828.0000,11013.0000
434,2022/06/17,--,--,796.0000,238383.0000,585.0000,0.0000,--,--,10545.0000,11013.0000
433,2022/06/20,--,--,794.0000,227432.0000,585.0000,0.0000,--,--,10453.0000,10550.0000
432,2022/06/21,--,--,300.0000,227094.0000,979.0000,394.0000,--,--,10424.0000,10590.0000
431,2022/06/22,--,--,300.0000,221903.0000,979.0000,0.0000,--,--,10350.0000,10590.0000
430,2022/06/23,--,--,300.0000,215142.0000,979.0000,0.0000,--,--,10283.0000,10590.0000
429,2022/06/24,--,--,300.0000,212917.0000,704.0000,-275.0000,--,--,9995.0000,10590.0000
428,2022/06/27,--,--,0.0000,209022.0000,585.0000,-119.0000,--,--,10014.0000,10672.0000
427,2022/06/28,--,--,10149.0000,199158.0000,585.0000,0.0000,--,--,10144.0000,10206.0000
426,2022/06/29,--,--,7118.0000,201598.0000,585.0000,0.0000,--,--,10039.0000,10201.0000
425,2022/06/30,--,--,4250.0000,202675.0000,0.0000,-585.0000,--,--,10028.0000,10236.0000
424,2022/07/01,--,--,3220.0000,217466.0000,--,--,--,--,9980.0000,10224.0000
423,2022/07/04,--,--,3208.0000,224440.0000,601.0000,601.0000,--,--,9966.0000,10270.0000
422,2022/07/05,--,--,3094.0000,225085.0000,601.0000,0.0000,--,--,10084.0000,10357.0000
421,2022/07/06,--,--,2603.0000,225237.0000,601.0000,0.0000,--,--,9665.0000,10291.0000
420,2022/07/07,--,--,2603.0000,234486.0000,601.0000,0.0000,--,--,9559.0000,10135.0000
419,2022/07/08,--,--,2602.0000,230272.0000,601.0000,0.0000,--,--,9597.0000,10500.0000
418,2022/07/11,--,--,2528.0000,226911.0000,601.0000,0.0000,--,--,9544.0000,10200.0000
417,2022/07/12,--,--,2478.0000,233121.0000,601.0000,0.0000,--,--,9306.0000,10082.0000
416,2022/07/13,--,--,2402.0000,225663.0000,601.0000,0.0000,--,--,9125.0000,10109.0000
415,2022/07/14,--,--,2440.0000,231498.0000,601.0000,0.0000,--,--,8950.0000,9840.0000
414,2022/07/15,--,--,2353.0000,231774.0000,601.0000,0.0000,--,--,8803.0000,9752.0000
413,2022/07/18,--,--,2272.0000,220350.0000,601.0000,0.0000,--,--,9016.0000,9717.0000
412,2022/07/19,--,--,2255.0000,216780.0000,601.0000,0.0000,--,--,9149.0000,9910.0000
411,2022/07/20,--,--,1597.0000,211159.0000,601.0000,0.0000,--,--,9058.0000,9623.0000
410,2022/07/21,--,--,1511.0000,220591.0000,1001.0000,400.0000,--,--,9031.0000,9706.0000
409,2022/07/22,--,--,1471.0000,221369.0000,1001.0000,0.0000,--,--,8824.0000,9706.0000
408,2022/07/25,--,--,1030.0000,242322.0000,1401.0000,400.0000,--,--,8385.0000,9706.0000
407,2022/07/26,--,--,0.0000,226180.0000,1642.0000,241.0000,--,--,8453.0000,9732.0000
406,2022/07/27,--,--,13507.0000,219951.0000,1642.0000,0.0000,--,--,8620.0000,9041.0000
405,2022/07/28,--,--,9302.0000,220116.0000,1242.0000,-400.0000,--,--,8877.0000,9206.0000
404,2022/07/29,--,--,5752.0000,209222.0000,0.0000,-1242.0000,--,--,8859.0000,9175.0000
403,2022/08/01,--,--,5068.0000,205478.0000,--,--,--,--,8915.0000,9134.0000
402,2022/08/02,--,--,4681.0000,208934.0000,--,--,--,--,8635.0000,9070.0000
401,2022/08/03,--,--,3976.0000,205594.0000,--,--,--,--,8742.0000,8999.0000
400,2022/08/04,--,--,3916.0000,222896.0000,--,--,--,--,8601.0000,9050.0000
399,2022/08/05,--,--,3914.0000,226269.0000,--,--,--,--,8331.0000,8563.0000
398,2022/08/08,--,--,3269.0000,220535.0000,--,--,--,--,8240.0000,8558.0000
397,2022/08/09,--,--,3149.0000,206646.0000,--,--,--,--,8452.0000,8657.0000
396,2022/08/10,--,--,2816.0000,209064.0000,--,--,--,--,8463.0000,8757.0000
395,2022/08/11,--,--,2786.0000,206985.0000,--,--,--,--,8475.0000,8735.0000
394,2022/08/12,--,--,2570.0000,210196.0000,--,--,--,--,8502.0000,8735.0000
393,2022/08/15,--,--,2293.0000,219654.0000,--,--,--,--,8409.0000,8674.0000
392,2022/08/16,--,--,2093.0000,248773.0000,200.0000,200.0000,--,--,8079.0000,8599.0000
391,2022/08/17,--,--,993.0000,259200.0000,200.0000,0.0000,--,--,7943.0000,8519.0000
390,2022/08/18,--,--,993.0000,279196.0000,200.0000,0.0000,--,--,7792.0000,8300.0000
389,2022/08/19,--,--,903.0000,243670.0000,0.0000,-200.0000,--,--,7954.0000,8380.0000
388,2022/08/22,--,--,816.0000,227429.0000,--,--,--,--,8235.0000,8552.0000
387,2022/08/23,--,--,811.0000,216290.0000,--,--,--,--,8268.0000,8600.0000
386,2022/08/24,--,--,811.0000,215168.0000,622.0000,622.0000,--,--,8223.0000,8656.0000
385,2022/08/25,--,--,811.0000,220393.0000,622.0000,0.0000,--,--,8164.0000,8899.0000
384,2022/08/26,--,--,0.0000,218921.0000,811.0000,189.0000,--,--,8267.0000,8556.0000
383,2022/08/29,--,--,14219.0000,219469.0000,811.0000,0.0000,--,--,8227.0000,8625.0000
382,2022/08/30,--,--,8017.0000,242098.0000,811.0000,0.0000,--,--,8486.0000,8912.0000
381,2022/08/31,--,--,3520.0000,247398.0000,0.0000,-811.0000,--,--,8531.0000,8986.0000
380,2022/09/01,--,--,2610.0000,271956.0000,--,--,--,--,8593.0000,9067.0000
379,2022/09/02,--,--,2577.0000,273646.0000,--,--,--,--,8589.0000,9109.0000
378,2022/09/05,--,--,2580.0000,296670.0000,--,--,--,--,8657.0000,9172.0000
377,2022/09/06,--,--,2566.0000,294741.0000,--,--,--,--,8745.0000,9240.0000
376,2022/09/07,--,--,2538.0000,305205.0000,--,--,--,--,8789.0000,9362.0000
375,2022/09/08,--,--,2522.0000,301494.0000,--,--,--,--,8661.0000,9189.0000
374,2022/09/09,--,--,2452.0000,313826.0000,--,--,--,--,8837.0000,9337.0000
373,2022/09/13,--,--,2447.0000,310573.0000,--,--,--,--,9121.0000,9620.0000
372,2022/09/14,--,--,2252.0000,307753.0000,--,--,--,--,9016.0000,9361.0000
371,2022/09/15,--,--,1897.0000,296414.0000,--,--,--,--,8919.0000,9418.0000
370,2022/09/16,--,--,1128.0000,294052.0000,--,--,--,--,8809.0000,9253.0000
369,2022/09/19,--,--,952.0000,303527.0000,--,--,--,--,9000.0000,9253.0000
368,2022/09/20,--,--,780.0000,320381.0000,--,--,--,--,9132.0000,9434.0000
367,2022/09/21,--,--,754.0000,296456.0000,--,--,--,--,9036.0000,9790.0000
366,2022/09/22,--,--,596.0000,290801.0000,158.0000,158.0000,--,--,9096.0000,9780.0000
365,2022/09/23,--,--,593.0000,298933.0000,158.0000,0.0000,--,--,9095.0000,9659.0000
364,2022/09/26,--,--,580.0000,260079.0000,265.0000,107.0000,--,--,8899.0000,9339.0000
363,2022/09/27,--,--,0.0000,236051.0000,580.0000,315.0000,--,--,8509.0000,9330.0000
362,2022/09/28,--,--,21756.0000,233029.0000,580.0000,0.0000,--,--,8462.0000,8744.0000
361,2022/09/29,--,--,10560.0000,220100.0000,580.0000,0.0000,--,--,8520.0000,8777.0000
360,2022/09/30,--,--,4103.0000,194388.0000,0.0000,-580.0000,--,--,8497.0000,8780.0000
359,2022/10/10,--,--,3814.0000,219289.0000,--,--,--,--,8843.0000,9040.0000
358,2022/10/11,--,--,3352.0000,218425.0000,--,--,--,--,8635.0000,8920.0000
357,2022/10/12,--,--,3110.0000,220918.0000,--,--,--,--,8452.0000,8782.0000
356,2022/10/13,--,--,3121.0000,224882.0000,320.0000,320.0000,--,--,8317.0000,8582.0000
355,2022/10/14,--,--,1888.0000,218938.0000,320.0000,0.0000,--,--,8332.0000,8539.0000
354,2022/10/17,--,--,1499.0000,233147.0000,320.0000,0.0000,--,--,8351.0000,8604.0000
353,2022/10/18,--,--,1498.0000,226363.0000,320.0000,0.0000,--,--,8357.0000,8535.0000
352,2022/10/19,--,--,1251.0000,256338.0000,196.0000,-124.0000,--,--,8184.0000,8394.0000
351,2022/10/20,--,--,1251.0000,242050.0000,196.0000,0.0000,--,--,8334.0000,8394.0000
350,2022/10/21,--,--,1187.0000,239648.0000,196.0000,0.0000,--,--,8418.0000,8526.0000
349,2022/10/24,--,--,1150.0000,229967.0000,196.0000,0.0000,--,--,8431.0000,8758.0000
348,2022/10/25,--,--,1150.0000,225118.0000,1046.0000,850.0000,--,--,8355.0000,8624.0000
347,2022/10/26,--,--,0.0000,238405.0000,1050.0000,4.0000,--,--,8273.0000,8556.0000
346,2022/10/27,--,--,33378.0000,262515.0000,1050.0000,0.0000,--,--,8134.0000,8134.0000
345,2022/10/28,--,--,14916.0000,252460.0000,1050.0000,0.0000,--,--,7818.0000,8146.0000
344,2022/10/31,--,--,5246.0000,255141.0000,0.0000,-1050.0000,--,--,7699.0000,8056.0000
343,2022/11/01,--,--,4287.0000,244009.0000,--,--,--,--,7806.0000,8092.0000
342,2022/11/02,--,--,4175.0000,249463.0000,--,--,--,--,7752.0000,8164.0000
341,2022/11/03,--,--,3871.0000,270271.0000,--,--,--,--,7707.0000,7988.0000
340,2022/11/04,--,--,3261.0000,255330.0000,--,--,--,--,7727.0000,8004.0000
339,2022/11/07,--,--,2342.0000,246643.0000,--,--,--,--,7831.0000,8042.0000
338,2022/11/08,--,--,2040.0000,253563.0000,--,--,--,--,7795.0000,8052.0000
337,2022/11/09,--,--,2040.0000,243123.0000,--,--,--,--,7808.0000,8049.0000
336,2022/11/10,--,--,1960.0000,251991.0000,--,--,--,--,7757.0000,8000.0000
335,2022/11/11,--,--,1344.0000,253921.0000,--,--,--,--,8030.0000,8200.0000
334,2022/11/14,--,--,1321.0000,248591.0000,--,--,--,--,8181.0000,8413.0000
333,2022/11/15,--,--,1230.0000,249524.0000,--,--,--,--,8228.0000,8412.0000
332,2022/11/16,--,--,1230.0000,242551.0000,--,--,--,--,8180.0000,8350.0000
331,2022/11/17,--,--,1119.0000,251146.0000,--,--,--,--,8234.0000,8381.0000
330,2022/11/18,--,--,1040.0000,266579.0000,--,--,--,--,8293.0000,8369.0000
329,2022/11/21,--,--,1040.0000,244199.0000,--,--,--,--,8218.0000,8287.0000
328,2022/11/22,--,--,962.0000,242021.0000,--,--,--,--,8121.0000,8150.0000
327,2022/11/23,--,--,962.0000,235729.0000,762.0000,762.0000,--,--,8071.0000,8080.0000
326,2022/11/24,--,--,962.0000,222613.0000,762.0000,0.0000,--,--,7894.0000,8080.0000
325,2022/11/25,--,--,0.0000,231274.0000,862.0000,100.0000,--,--,7808.0000,8357.0000
324,2022/11/28,--,--,14114.0000,231631.0000,962.0000,100.0000,--,--,7702.0000,7787.0000
323,2022/11/29,--,--,8873.0000,223968.0000,962.0000,0.0000,--,--,7654.0000,7695.0000
322,2022/11/30,--,--,4438.0000,227549.0000,0.0000,-962.0000,--,--,7651.0000,7733.0000
321,2022/12/01,--,--,3149.0000,224695.0000,--,--,--,--,7888.0000,7523.0000
320,2022/12/02,--,--,2651.0000,242541.0000,--,--,--,--,8035.0000,8079.0000
319,2022/12/05,--,--,2496.0000,241772.0000,--,--,--,--,8100.0000,8114.0000
318,2022/12/06,--,--,2036.0000,253710.0000,--,--,--,--,8102.0000,8115.0000
317,2022/12/07,--,--,1801.0000,237149.0000,--,--,--,--,7952.0000,7976.0000
316,2022/12/08,--,--,1501.0000,231793.0000,101.0000,101.0000,--,--,7899.0000,7916.0000
315,2022/12/09,--,--,1237.0000,273672.0000,140.0000,39.0000,--,--,8156.0000,8201.0000
314,2022/12/12,--,--,878.0000,280964.0000,140.0000,0.0000,--,--,8232.0000,8298.0000
313,2022/12/13,--,--,878.0000,286717.0000,140.0000,0.0000,--,--,8173.0000,8298.0000
312,2022/12/14,--,--,868.0000,288362.0000,120.0000,-20.0000,--,--,8190.0000,8298.0000
311,2022/12/15,--,--,859.0000,288440.0000,81.0000,-39.0000,--,--,8271.0000,8310.0000
310,2022/12/16,--,--,859.0000,283706.0000,81.0000,0.0000,--,--,8246.0000,8310.0000
309,2022/12/19,--,--,747.0000,263158.0000,81.0000,0.0000,--,--,8118.0000,8062.0000
308,2022/12/20,--,--,239.0000,253439.0000,81.0000,0.0000,--,--,8058.0000,8096.0000
307,2022/12/21,--,--,205.0000,269788.0000,0.0000,-81.0000,--,--,8114.0000,8200.0000
306,2022/12/22,--,--,205.0000,293371.0000,--,--,--,--,8318.0000,8200.0000
305,2022/12/23,--,--,205.0000,279182.0000,--,--,--,--,8281.0000,8200.0000
304,2022/12/26,--,--,205.0000,293350.0000,--,--,--,--,8340.0000,8200.0000
303,2022/12/27,--,--,0.0000,296154.0000,205.0000,205.0000,--,--,8370.0000,8142.0000
302,2022/12/28,--,--,14065.0000,280119.0000,205.0000,0.0000,--,--,8349.0000,8316.0000
301,2022/12/29,--,--,7638.0000,265082.0000,205.0000,0.0000,--,--,8274.0000,8247.0000
300,2022/12/30,--,--,2598.0000,276145.0000,0.0000,-205.0000,--,--,8361.0000,8280.0000
299,2023/01/03,--,--,2565.0000,293080.0000,--,--,--,--,8484.0000,8456.0000
298,2023/01/04,--,--,2395.0000,274205.0000,--,--,--,--,8458.0000,8391.0000
297,2023/01/05,--,--,1714.0000,257365.0000,--,--,--,--,8276.0000,8233.0000
296,2023/01/06,--,--,1517.0000,262690.0000,110.0000,110.0000,--,--,8272.0000,8216.0000
295,2023/01/09,--,--,1097.0000,253283.0000,610.0000,500.0000,--,--,8317.0000,8250.0000
294,2023/01/10,--,--,1017.0000,260084.0000,610.0000,0.0000,--,--,8233.0000,8200.0000
293,2023/01/11,--,--,1016.0000,283296.0000,610.0000,0.0000,--,--,8338.0000,8139.0000
292,2023/01/12,--,--,1016.0000,316330.0000,610.0000,0.0000,--,--,8546.0000,8843.0000
291,2023/01/13,--,--,1016.0000,335614.0000,610.0000,0.0000,--,--,8731.0000,8843.0000
290,2023/01/16,--,--,850.0000,333116.0000,775.0000,165.0000,--,--,8701.0000,8680.0000
289,2023/01/17,--,--,0.0000,326383.0000,1625.0000,850.0000,--,--,8714.0000,8680.0000
288,2023/01/18,--,--,0.0000,329666.0000,1624.0000,-1.0000,--,--,8773.0000,8680.0000
287,2023/01/19,--,--,0.0000,312435.0000,1624.0000,0.0000,--,--,8836.0000,8242.0000
286,2023/01/20,--,--,25382.0000,307053.0000,1524.0000,-100.0000,--,--,8908.0000,8880.0000
285,2023/01/30,--,--,17471.0000,307633.0000,1524.0000,0.0000,--,--,8894.0000,8901.0000
284,2023/01/31,--,--,7626.0000,291827.0000,0.0000,-1524.0000,--,--,8700.0000,8685.0000
283,2023/02/01,--,--,5751.0000,295107.0000,400.0000,400.0000,--,--,8757.0000,8705.0000
282,2023/02/02,--,--,4850.0000,295206.0000,734.0000,334.0000,--,--,8646.0000,8595.0000
281,2023/02/03,--,--,3452.0000,287821.0000,2194.0000,1460.0000,--,--,8503.0000,8550.0000
280,2023/02/06,--,--,2637.0000,292637.0000,2634.0000,440.0000,--,--,8392.0000,8364.0000
279,2023/02/07,--,--,2230.0000,288888.0000,3034.0000,400.0000,--,--,8402.0000,8339.0000
278,2023/02/08,--,--,1750.0000,294050.0000,4114.0000,1080.0000,--,--,8396.0000,8360.0000
277,2023/02/09,--,--,248.0000,305011.0000,4280.0000,166.0000,--,--,8378.0000,8375.0000
276,2023/02/10,--,--,254.0000,313357.0000,3300.0000,-980.0000,--,--,8321.0000,8210.0000
275,2023/02/13,--,--,254.0000,308187.0000,3300.0000,0.0000,--,--,8402.0000,8350.0000
274,2023/02/14,--,--,254.0000,304262.0000,3227.0000,-73.0000,--,--,8360.0000,8350.0000
273,2023/02/15,--,--,54.0000,324262.0000,2027.0000,-1200.0000,--,--,8314.0000,8350.0000
272,2023/02/16,--,--,54.0000,299016.0000,2027.0000,0.0000,--,--,8414.0000,8361.0000
271,2023/02/17,--,--,54.0000,315596.0000,1924.0000,-103.0000,--,--,8409.0000,8361.0000
270,2023/02/20,--,--,0.0000,298481.0000,1655.0000,-269.0000,--,--,8376.0000,8361.0000
269,2023/02/21,--,--,0.0000,287792.0000,1429.0000,-226.0000,--,--,8555.0000,8361.0000
268,2023/02/22,--,--,0.0000,282215.0000,1309.0000,-120.0000,--,--,8582.0000,8361.0000
267,2023/02/23,--,--,0.0000,281736.0000,1294.0000,-15.0000,--,--,8563.0000,8214.0000
266,2023/02/24,--,--,35071.0000,281992.0000,994.0000,-300.0000,--,--,8613.0000,8599.0000
265,2023/02/27,--,--,25284.0000,272621.0000,874.0000,-120.0000,--,--,8591.0000,8575.0000
264,2023/02/28,--,--,14370.0000,267140.0000,0.0000,-874.0000,--,--,8465.0000,8454.0000
263,2023/03/01,--,--,12307.0000,267918.0000,222.0000,222.0000,--,--,8530.0000,8500.0000
262,2023/03/02,--,--,6959.0000,270178.0000,4822.0000,4600.0000,--,--,8560.0000,8543.0000
261,2023/03/03,--,--,2702.0000,271813.0000,7722.0000,2900.0000,--,--,8533.0000,8470.0000
260,2023/03/06,--,--,1704.0000,256156.0000,8522.0000,800.0000,--,--,8520.0000,8473.0000
259,2023/03/07,--,--,1699.0000,266784.0000,9142.0000,620.0000,--,--,8589.0000,8551.0000
258,2023/03/08,--,--,696.0000,264701.0000,8764.0000,-378.0000,--,--,8558.0000,8538.0000
257,2023/03/09,--,--,303.0000,268665.0000,8513.0000,-251.0000,--,--,8498.0000,8202.0000
256,2023/03/10,--,--,303.0000,289549.0000,7434.0000,-1079.0000,--,--,8436.0000,8274.0000
255,2023/03/13,--,--,266.0000,268452.0000,6511.0000,-923.0000,--,--,8472.0000,8398.0000
254,2023/03/14,--,--,266.0000,289917.0000,5198.0000,-1313.0000,--,--,8389.0000,8296.0000
253,2023/03/15,--,--,266.0000,291143.0000,5058.0000,-140.0000,--,--,8344.0000,8296.0000
252,2023/03/16,--,--,266.0000,308960.0000,4938.0000,-120.0000,--,--,8207.0000,8500.0000
251,2023/03/17,--,--,266.0000,298076.0000,5008.0000,70.0000,--,--,8185.0000,8500.0000
250,2023/03/20,--,--,266.0000,291289.0000,5008.0000,0.0000,--,--,8298.0000,8604.0000
249,2023/03/21,--,--,67.0000,281646.0000,4908.0000,-100.0000,--,--,8260.0000,8604.0000
248,2023/03/22,--,--,67.0000,279648.0000,4908.0000,0.0000,--,--,8304.0000,8604.0000
247,2023/03/23,--,--,66.0000,270116.0000,4809.0000,-99.0000,--,--,8313.0000,8604.0000
246,2023/03/24,--,--,0.0000,265953.0000,4609.0000,-200.0000,--,--,8274.0000,8604.0000
245,2023/03/27,--,--,0.0000,257178.0000,205.0000,-4404.0000,--,--,8339.0000,8604.0000
244,2023/03/28,--,--,0.0000,258260.0000,205.0000,0.0000,--,--,8462.0000,8505.0000
243,2023/03/29,--,--,7459.0000,260798.0000,204.0000,-1.0000,--,--,8458.0000,8527.0000
242,2023/03/30,--,--,5534.0000,264709.0000,204.0000,0.0000,--,--,8463.0000,8515.0000
241,2023/03/31,--,--,3710.0000,266545.0000,0.0000,-204.0000,--,--,8514.0000,8543.0000
240,2023/04/03,--,--,2581.0000,283922.0000,3600.0000,3600.0000,--,--,8643.0000,8656.0000
239,2023/04/04,--,--,1734.0000,302500.0000,4615.0000,1015.0000,--,--,8685.0000,8722.0000
238,2023/04/06,--,--,1692.0000,304933.0000,4615.0000,0.0000,--,--,8672.0000,8718.0000
237,2023/04/07,--,--,1692.0000,305612.0000,4281.0000,-334.0000,--,--,8668.0000,8699.0000
236,2023/04/10,--,--,1675.0000,309419.0000,4281.0000,0.0000,--,--,8678.0000,8684.0000
235,2023/04/11,--,--,975.0000,316174.0000,4981.0000,700.0000,--,--,8648.0000,8623.0000
234,2023/04/12,--,--,930.0000,326880.0000,4981.0000,0.0000,--,--,8634.0000,8646.0000
233,2023/04/13,--,--,900.0000,347493.0000,4981.0000,0.0000,--,--,8668.0000,8677.0000
232,2023/04/14,--,--,899.0000,347590.0000,4730.0000,-251.0000,--,--,8610.0000,8585.0000
231,2023/04/17,--,--,615.0000,362956.0000,5008.0000,278.0000,--,--,8729.0000,8724.0000
230,2023/04/18,--,--,615.0000,357343.0000,4808.0000,-200.0000,--,--,8610.0000,8588.0000
229,2023/04/19,--,--,615.0000,354973.0000,4888.0000,80.0000,--,--,8629.0000,8636.0000
228,2023/04/20,--,--,315.0000,334186.0000,3988.0000,-900.0000,--,--,8514.0000,8520.0000
227,2023/04/21,--,--,108.0000,331620.0000,3987.0000,-1.0000,--,--,8509.0000,8534.0000
226,2023/04/24,--,--,108.0000,331789.0000,3687.0000,-300.0000,--,--,8433.0000,8534.0000
225,2023/04/25,--,--,0.0000,326259.0000,3287.0000,-400.0000,--,--,8420.0000,8656.0000
224,2023/04/26,--,--,13127.0000,328156.0000,2687.0000,-600.0000,--,--,8324.0000,8336.0000
223,2023/04/27,--,--,7233.0000,333839.0000,204.0000,-2483.0000,--,--,8285.0000,8288.0000
222,2023/04/28,--,--,3476.0000,325137.0000,0.0000,-204.0000,--,--,8240.0000,8229.0000
221,2023/05/04,--,--,2294.0000,343146.0000,1700.0000,1700.0000,--,--,8005.0000,8097.0000
220,2023/05/05,--,--,1539.0000,357291.0000,2000.0000,300.0000,--,--,7999.0000,8012.0000
219,2023/05/08,--,--,1399.0000,342232.0000,2000.0000,0.0000,--,--,8159.0000,8220.0000
218,2023/05/09,--,--,1187.0000,347058.0000,1659.0000,-341.0000,--,--,8168.0000,8186.0000
217,2023/05/10,--,--,1187.0000,343050.0000,1333.0000,-326.0000,--,--,8144.0000,8250.0000
216,2023/05/11,--,--,1187.0000,365024.0000,1231.0000,-102.0000,--,--,8092.0000,8250.0000
215,2023/05/12,--,--,1187.0000,395173.0000,1104.0000,-127.0000,--,--,7954.0000,8004.0000
214,2023/05/15,--,--,1187.0000,403857.0000,480.0000,-624.0000,--,--,7817.0000,7939.0000
213,2023/05/16,--,--,1187.0000,414339.0000,420.0000,-60.0000,--,--,7820.0000,7987.0000
212,2023/05/17,--,--,1097.0000,404078.0000,425.0000,5.0000,--,--,7720.0000,7865.0000
211,2023/05/18,--,--,1097.0000,399584.0000,1306.0000,881.0000,--,--,7846.0000,8114.0000
210,2023/05/19,--,--,315.0000,396844.0000,1090.0000,-216.0000,--,--,7853.0000,8050.0000
209,2023/05/22,--,--,315.0000,426643.0000,1030.0000,-60.0000,--,--,7663.0000,8168.0000
208,2023/05/23,--,--,315.0000,467262.0000,915.0000,-115.0000,--,--,7482.0000,7808.0000
207,2023/05/24,--,--,1.0000,458629.0000,1175.0000,260.0000,--,--,7506.0000,7637.0000
206,2023/05/25,--,--,1.0000,461786.0000,1077.0000,-98.0000,--,--,7496.0000,7637.0000
205,2023/05/26,--,--,0.0000,448441.0000,781.0000,-296.0000,--,--,7577.0000,7724.0000
204,2023/05/29,--,--,16264.0000,445942.0000,563.0000,-218.0000,--,--,7748.0000,7918.0000
203,2023/05/30,--,--,8361.0000,438368.0000,319.0000,-244.0000,--,--,7756.0000,7938.0000
202,2023/05/31,--,--,4385.0000,436171.0000,0.0000,-319.0000,--,--,7654.0000,7866.0000
201,2023/06/01,--,--,3891.0000,447485.0000,--,--,--,--,7709.0000,7968.0000
200,2023/06/02,--,--,3875.0000,436904.0000,--,--,--,--,7668.0000,7883.0000
199,2023/06/05,--,--,3836.0000,440236.0000,--,--,--,--,7764.0000,7992.0000
198,2023/06/06,--,--,3831.0000,448035.0000,1180.0000,1180.0000,--,--,7660.0000,7855.0000
197,2023/06/07,--,--,3805.0000,451376.0000,1180.0000,0.0000,--,--,7652.0000,7941.0000
196,2023/06/08,--,--,3593.0000,509241.0000,1378.0000,198.0000,--,--,7556.0000,7766.0000
195,2023/06/09,--,--,3436.0000,519187.0000,1342.0000,-36.0000,--,--,7469.0000,7683.0000
194,2023/06/12,--,--,3396.0000,575023.0000,1289.0000,-53.0000,--,--,7376.0000,7650.0000
193,2023/06/13,--,--,3396.0000,592009.0000,1241.0000,-48.0000,--,--,7190.0000,7647.0000
192,2023/06/14,--,--,3151.0000,561159.0000,1234.0000,-7.0000,--,--,7295.0000,7539.0000
191,2023/06/15,--,--,3150.0000,564949.0000,99.0000,-1135.0000,--,--,7058.0000,7650.0000
190,2023/06/16,--,--,3150.0000,539749.0000,0.0000,-99.0000,--,--,7171.0000,7650.0000
189,2023/06/19,--,--,1610.0000,540237.0000,2135.0000,2135.0000,--,--,7198.0000,7476.0000
188,2023/06/20,--,--,715.0000,528614.0000,2135.0000,0.0000,--,--,7170.0000,7480.0000
187,2023/06/21,--,--,715.0000,505176.0000,2655.0000,520.0000,--,--,7228.0000,7480.0000
186,2023/06/26,--,--,195.0000,521503.0000,1404.0000,-1251.0000,--,--,7093.0000,7480.0000
185,2023/06/27,--,--,0.0000,522218.0000,1394.0000,-10.0000,--,--,7051.0000,7516.0000
184,2023/06/28,--,--,17795.0000,530758.0000,1394.0000,0.0000,--,--,7035.0000,7135.0000
183,2023/06/29,--,--,10917.0000,512062.0000,1064.0000,-330.0000,--,--,7120.0000,7153.0000
182,2023/06/30,--,--,6632.0000,496292.0000,0.0000,-1064.0000,--,--,7160.0000,7194.0000
181,2023/07/03,--,--,6456.0000,487356.0000,--,--,--,--,7276.0000,7330.0000
180,2023/07/04,--,--,5830.0000,478762.0000,494.0000,494.0000,--,--,7266.0000,7310.0000
179,2023/07/05,--,--,5782.0000,480032.0000,494.0000,0.0000,--,--,7358.0000,7410.0000
178,2023/07/06,--,--,5730.0000,477827.0000,494.0000,0.0000,--,--,7332.0000,7371.0000
177,2023/07/07,--,--,4445.0000,483246.0000,794.0000,300.0000,--,--,7441.0000,7534.0000
176,2023/07/10,--,--,4334.0000,481761.0000,794.0000,0.0000,--,--,7488.0000,7531.0000
175,2023/07/11,--,--,4264.0000,468612.0000,794.0000,0.0000,--,--,7542.0000,7532.0000
174,2023/07/12,--,--,2419.0000,479216.0000,994.0000,200.0000,--,--,7550.0000,7591.0000
173,2023/07/13,--,--,2319.0000,494017.0000,994.0000,0.0000,--,--,7667.0000,7770.0000
172,2023/07/14,--,--,1849.0000,484410.0000,952.0000,-42.0000,--,--,7856.0000,7934.0000
171,2023/07/17,--,--,1584.0000,462845.0000,952.0000,0.0000,--,--,7820.0000,7933.0000
170,2023/07/18,--,--,1505.0000,477801.0000,852.0000,-100.0000,--,--,7864.0000,7941.0000
169,2023/07/19,--,--,816.0000,481943.0000,833.0000,-19.0000,--,--,7991.0000,8101.0000
168,2023/07/20,--,--,816.0000,484065.0000,833.0000,0.0000,--,--,7879.0000,7972.0000
167,2023/07/21,--,--,777.0000,484028.0000,1009.0000,176.0000,--,--,8008.0000,8165.0000
166,2023/07/24,--,--,757.0000,468012.0000,991.0000,-18.0000,--,--,7953.0000,8160.0000
165,2023/07/25,--,--,1.0000,465508.0000,1548.0000,557.0000,--,--,7940.0000,7742.0000
164,2023/07/26,--,--,0.0000,467436.0000,1547.0000,-1.0000,--,--,8127.0000,7911.0000
163,2023/07/27,--,--,21755.0000,456114.0000,1297.0000,-250.0000,--,--,8066.0000,8139.0000
162,2023/07/28,--,--,14253.0000,471574.0000,138.0000,-1159.0000,--,--,8106.0000,8209.0000
161,2023/07/31,--,--,8038.0000,472745.0000,0.0000,-138.0000,--,--,8325.0000,8464.0000
160,2023/08/01,--,--,6676.0000,456021.0000,--,--,--,--,8386.0000,8501.0000
159,2023/08/02,--,--,6103.0000,458099.0000,--,--,--,--,8385.0000,8512.0000
158,2023/08/03,--,--,5992.0000,461620.0000,--,--,--,--,8308.0000,8440.0000
157,2023/08/04,--,--,5418.0000,470146.0000,100.0000,100.0000,--,--,8352.0000,8522.0000
156,2023/08/07,--,--,4749.0000,468281.0000,1000.0000,900.0000,--,--,8268.0000,8387.0000
155,2023/08/08,--,--,4343.0000,493502.0000,1000.0000,0.0000,--,--,8263.0000,8398.0000
154,2023/08/09,--,--,4215.0000,500037.0000,1019.0000,19.0000,--,--,8314.0000,8615.0000
153,2023/08/10,--,--,4215.0000,517819.0000,966.0000,-53.0000,--,--,8472.0000,8630.0000
152,2023/08/11,--,--,4173.0000,504705.0000,966.0000,0.0000,--,--,8424.0000,8669.0000
151,2023/08/14,--,--,4173.0000,482022.0000,367.0000,-599.0000,--,--,8353.0000,8563.0000
150,2023/08/15,--,--,4140.0000,478794.0000,66.0000,-301.0000,--,--,8270.0000,8459.0000
149,2023/08/16,--,--,3912.0000,494488.0000,66.0000,0.0000,--,--,8290.0000,8463.0000
148,2023/08/17,--,--,3579.0000,499284.0000,66.0000,0.0000,--,--,8292.0000,8509.0000
147,2023/08/18,--,--,3522.0000,513970.0000,1016.0000,950.0000,--,--,8578.0000,8837.0000
146,2023/08/21,--,--,3439.0000,521101.0000,983.0000,-33.0000,--,--,8443.0000,8792.0000
145,2023/08/22,--,--,2860.0000,490709.0000,969.0000,-14.0000,--,--,8459.0000,8717.0000
144,2023/08/23,--,--,2770.0000,497753.0000,969.0000,0.0000,--,--,8530.0000,8849.0000
143,2023/08/24,--,--,2766.0000,478517.0000,2661.0000,1692.0000,--,--,8503.0000,8798.0000
142,2023/08/25,--,--,1608.0000,458409.0000,2894.0000,233.0000,--,--,8416.0000,8698.0000
141,2023/08/28,--,--,0.0000,441794.0000,4085.0000,1191.0000,--,--,8378.0000,8654.0000
140,2023/08/29,--,--,15329.0000,444298.0000,3711.0000,-374.0000,--,--,8388.0000,8521.0000
139,2023/08/30,--,--,10280.0000,464261.0000,3031.0000,-680.0000,--,--,8486.0000,8622.0000
138,2023/08/31,--,--,3830.0000,445746.0000,0.0000,-3031.0000,--,--,8481.0000,8618.0000
137,2023/09/01,--,--,2832.0000,471028.0000,20.0000,20.0000,--,--,8633.0000,8807.0000
136,2023/09/04,--,--,2589.0000,461355.0000,20.0000,0.0000,--,--,8763.0000,8908.0000
135,2023/09/05,--,--,2346.0000,466825.0000,0.0000,-20.0000,--,--,8813.0000,8962.0000
134,2023/09/06,--,--,1763.0000,515268.0000,--,--,--,--,9062.0000,9277.0000
133,2023/09/07,--,--,1556.0000,495515.0000,--,--,--,--,9289.0000,9318.0000
132,2023/09/08,--,--,1120.0000,484630.0000,200.0000,200.0000,--,--,9225.0000,9388.0000
131,2023/09/11,--,--,1012.0000,498074.0000,200.0000,0.0000,--,--,9253.0000,9376.0000
130,2023/09/12,--,--,712.0000,535843.0000,200.0000,0.0000,--,--,9484.0000,9613.0000
129,2023/09/13,--,--,712.0000,569011.0000,110.0000,-90.0000,--,--,9695.0000,9940.0000
128,2023/09/14,--,--,712.0000,589952.0000,110.0000,0.0000,--,--,9883.0000,10131.0000
127,2023/09/15,--,--,712.0000,569735.0000,310.0000,200.0000,--,--,9744.0000,9850.0000
126,2023/09/18,--,--,707.0000,539083.0000,224.0000,-86.0000,--,--,9491.0000,9700.0000
125,2023/09/19,--,--,677.0000,537671.0000,107.0000,-117.0000,--,--,9476.0000,9678.0000
124,2023/09/20,--,--,677.0000,520023.0000,69.0000,-38.0000,--,--,9325.0000,9678.0000
123,2023/09/21,--,--,677.0000,530404.0000,644.0000,575.0000,--,--,9095.0000,9153.0000
122,2023/09/22,--,--,83.0000,517845.0000,727.0000,83.0000,--,--,9023.0000,9113.0000
121,2023/09/25,--,--,0.0000,504446.0000,1609.0000,882.0000,--,--,8971.0000,9617.0000
120,2023/09/26,--,--,35567.0000,472008.0000,803.0000,-806.0000,--,--,8744.0000,8836.0000
119,2023/09/27,--,--,18836.0000,441028.0000,469.0000,-334.0000,--,--,8786.0000,8839.0000
118,2023/09/28,--,--,3983.0000,403788.0000,0.0000,-469.0000,--,--,8917.0000,8987.0000
117,2023/10/09,--,--,3149.0000,409904.0000,--,--,--,--,8558.0000,8617.0000
116,2023/10/10,--,--,2402.0000,430860.0000,--,--,--,--,8468.0000,8418.0000
115,2023/10/11,--,--,2245.0000,433773.0000,340.0000,340.0000,--,--,8421.0000,8523.0000
114,2023/10/12,--,--,2089.0000,440372.0000,348.0000,8.0000,--,--,8328.0000,8446.0000
113,2023/10/13,--,--,2083.0000,437398.0000,95.0000,-253.0000,--,--,8448.0000,8441.0000
112,2023/10/16,--,--,2073.0000,447549.0000,536.0000,441.0000,--,--,8589.0000,8631.0000
111,2023/10/17,--,--,1860.0000,442280.0000,536.0000,0.0000,--,--,8500.0000,8545.0000
110,2023/10/18,--,--,1749.0000,440041.0000,498.0000,-38.0000,--,--,8587.0000,8650.0000
109,2023/10/19,--,--,1729.0000,434025.0000,455.0000,-43.0000,--,--,8588.0000,8700.0000
108,2023/10/20,--,--,1729.0000,434471.0000,436.0000,-19.0000,--,--,8633.0000,8700.0000
107,2023/10/23,--,--,1134.0000,430278.0000,1289.0000,853.0000,--,--,8529.0000,8700.0000
106,2023/10/24,--,--,934.0000,425548.0000,1439.0000,150.0000,--,--,8589.0000,8700.0000
105,2023/10/25,--,--,736.0000,425735.0000,1714.0000,275.0000,--,--,8491.0000,8700.0000
104,2023/10/26,--,--,0.0000,415351.0000,1394.0000,-320.0000,--,--,8413.0000,8665.0000
103,2023/10/27,--,--,25993.0000,428003.0000,1160.0000,-234.0000,--,--,8446.0000,8500.0000
102,2023/10/30,--,--,15574.0000,461699.0000,1100.0000,-60.0000,--,--,8667.0000,8710.0000
101,2023/10/31,--,--,3933.0000,462755.0000,0.0000,-1100.0000,--,--,8681.0000,8752.0000
100,2023/11/01,--,--,2541.0000,461167.0000,--,--,--,--,8777.0000,8830.0000
99,2023/11/02,--,--,1335.0000,453005.0000,--,--,--,--,8724.0000,8813.0000
98,2023/11/03,--,--,1245.0000,460765.0000,--,--,--,--,8683.0000,8772.0000
97,2023/11/06,--,--,1189.0000,461795.0000,--,--,--,--,8606.0000,8708.0000
96,2023/11/07,--,--,1186.0000,462159.0000,--,--,--,--,8613.0000,8604.0000
95,2023/11/08,--,--,1186.0000,470034.0000,--,--,--,--,8430.0000,8450.0000
94,2023/11/09,--,--,1176.0000,465693.0000,--,--,--,--,8399.0000,8403.0000
93,2023/11/10,--,--,1176.0000,462722.0000,--,--,--,--,8440.0000,8516.0000
92,2023/11/13,--,--,1088.0000,463463.0000,88.0000,88.0000,--,--,8371.0000,8516.0000
91,2023/11/14,--,--,1088.0000,456234.0000,88.0000,0.0000,--,--,8394.0000,8516.0000
90,2023/11/15,--,--,998.0000,472706.0000,176.0000,88.0000,--,--,8577.0000,8704.0000
89,2023/11/16,--,--,998.0000,475844.0000,176.0000,0.0000,--,--,8627.0000,8755.0000
88,2023/11/17,--,--,999.0000,487792.0000,176.0000,0.0000,--,--,8768.0000,8820.0000
87,2023/11/20,--,--,999.0000,489134.0000,176.0000,0.0000,--,--,8705.0000,8820.0000
86,2023/11/21,--,--,702.0000,460135.0000,1014.0000,838.0000,--,--,8615.0000,8820.0000
85,2023/11/22,--,--,312.0000,458835.0000,1014.0000,0.0000,--,--,8470.0000,8931.0000
84,2023/11/23,--,--,161.0000,456999.0000,1001.0000,-13.0000,--,--,8366.0000,8354.0000
83,2023/11/24,--,--,161.0000,458881.0000,1096.0000,95.0000,--,--,8385.0000,8354.0000
82,2023/11/27,--,--,0.0000,468146.0000,1009.0000,-87.0000,--,--,8355.0000,8711.0000
81,2023/11/28,--,--,12980.0000,497499.0000,1009.0000,0.0000,--,--,8133.0000,8186.0000
80,2023/11/29,--,--,6178.0000,493354.0000,953.0000,-56.0000,--,--,8074.0000,8122.0000
79,2023/11/30,--,--,1654.0000,480345.0000,0.0000,-953.0000,--,--,8095.0000,8097.0000
78,2023/12/01,--,--,1648.0000,485764.0000,--,--,--,--,8031.0000,8019.0000
77,2023/12/04,--,--,1424.0000,505835.0000,--,--,--,--,7913.0000,7896.0000
76,2023/12/05,--,--,1428.0000,521062.0000,92.0000,92.0000,--,--,7836.0000,7826.0000
75,2023/12/06,--,--,1427.0000,524836.0000,160.0000,68.0000,--,--,7900.0000,7901.0000
74,2023/12/07,--,--,1396.0000,534112.0000,94.0000,-66.0000,--,--,7937.0000,7993.0000
73,2023/12/08,--,--,1396.0000,527548.0000,34.0000,-60.0000,--,--,8071.0000,7993.0000
72,2023/12/11,--,--,1396.0000,533337.0000,20.0000,-14.0000,--,--,8074.0000,8100.0000
71,2023/12/12,--,--,1396.0000,533945.0000,20.0000,0.0000,--,--,8073.0000,8100.0000
70,2023/12/13,--,--,1396.0000,566484.0000,0.0000,-20.0000,--,--,8044.0000,8165.0000
69,2023/12/14,--,--,1396.0000,537765.0000,--,--,--,--,8118.0000,8120.0000
68,2023/12/15,--,--,1396.0000,530633.0000,--,--,--,--,8109.0000,8120.0000
67,2023/12/18,--,--,1396.0000,554720.0000,1220.0000,1220.0000,--,--,8144.0000,8186.0000
66,2023/12/19,--,--,176.0000,559201.0000,1220.0000,0.0000,--,--,8241.0000,8186.0000
65,2023/12/20,--,--,0.0000,585918.0000,1396.0000,176.0000,--,--,8382.0000,8186.0000
64,2023/12/21,--,--,0.0000,603406.0000,2320.0000,924.0000,--,--,8542.0000,8186.0000
63,2023/12/22,--,--,0.0000,592032.0000,1810.0000,-510.0000,--,--,8532.0000,8186.0000
62,2023/12/25,--,--,0.0000,588354.0000,1720.0000,-90.0000,--,--,8539.0000,8186.0000
61,2023/12/26,--,--,0.0000,601558.0000,1600.0000,-120.0000,--,--,8568.0000,8165.0000
60,2023/12/27,--,--,20947.0000,607762.0000,1600.0000,0.0000,--,--,8601.0000,8580.0000
59,2023/12/28,--,--,10487.0000,608111.0000,642.0000,-958.0000,--,--,8492.0000,8463.0000
58,2023/12/29,--,--,3291.0000,593073.0000,0.0000,-642.0000,--,--,8419.0000,8353.0000
57,2024/01/02,--,--,2814.0000,612519.0000,--,--,--,--,8559.0000,8416.0000
56,2024/01/03,--,--,2686.0000,575392.0000,--,--,--,--,8557.0000,8436.0000
55,2024/01/04,--,--,2686.0000,548201.0000,1200.0000,1200.0000,--,--,8522.0000,8436.0000
54,2024/01/05,--,--,2681.0000,496701.0000,1120.0000,-80.0000,--,--,8379.0000,8320.0000
53,2024/01/08,--,--,2681.0000,465841.0000,1120.0000,0.0000,--,--,8388.0000,8320.0000
52,2024/01/09,--,--,2681.0000,443164.0000,982.0000,-138.0000,--,--,8271.0000,8320.0000
51,2024/01/10,--,--,2666.0000,424813.0000,3107.0000,2125.0000,--,--,8350.0000,8320.0000
50,2024/01/11,--,--,1456.0000,423809.0000,2983.0000,-124.0000,--,--,8383.0000,8306.0000
49,2024/01/12,--,--,1380.0000,421231.0000,2779.0000,-204.0000,--,--,8477.0000,8373.0000
48,2024/01/15,--,--,1280.0000,410119.0000,2779.0000,0.0000,--,--,8444.0000,8373.0000
47,2024/01/16,--,--,717.0000,478001.0000,2679.0000,-100.0000,--,--,8651.0000,8373.0000
46,2024/01/17,--,--,717.0000,446544.0000,2673.0000,-6.0000,--,--,8725.0000,8373.0000
45,2024/01/18,--,--,517.0000,446873.0000,2835.0000,162.0000,--,--,8656.0000,8650.0000
44,2024/01/19,--,--,517.0000,450121.0000,2779.0000,-56.0000,--,--,8712.0000,8650.0000
43,2024/01/22,--,--,517.0000,462644.0000,4618.0000,1839.0000,--,--,8777.0000,8650.0000
42,2024/01/23,--,--,201.0000,469647.0000,4894.0000,276.0000,--,--,8809.0000,8800.0000
41,2024/01/24,--,--,0.0000,480267.0000,4718.0000,-176.0000,--,--,8902.0000,9000.0000
40,2024/01/25,--,--,0.0000,457134.0000,4118.0000,-600.0000,--,--,8862.0000,9000.0000
39,2024/01/26,--,--,0.0000,449611.0000,3869.0000,-249.0000,--,--,8864.0000,9000.0000
38,2024/01/29,--,--,16667.0000,442740.0000,3669.0000,-200.0000,--,--,8803.0000,8708.0000
37,2024/01/30,--,--,12338.0000,486236.0000,3669.0000,0.0000,--,--,8855.0000,8726.0000
36,2024/01/31,--,--,6378.0000,452798.0000,0.0000,-3669.0000,--,--,8779.0000,8694.0000
35,2024/02/01,--,--,5835.0000,471375.0000,900.0000,900.0000,--,--,8806.0000,8681.0000
34,2024/02/02,--,--,5241.0000,438942.0000,900.0000,0.0000,--,--,8719.0000,8667.0000
33,2024/02/05,--,--,4441.0000,421323.0000,2738.0000,1838.0000,--,--,8753.0000,8770.0000
32,2024/02/06,--,--,4338.0000,451656.0000,3890.0000,1152.0000,--,--,8802.0000,8826.0000
31,2024/02/07,--,--,4244.0000,472992.0000,3890.0000,0.0000,--,--,9045.0000,9055.0000
30,2024/02/08,--,--,4243.0000,425375.0000,3890.0000,0.0000,--,--,9099.0000,9068.0000
29,2024/02/19,--,--,4243.0000,465916.0000,3890.0000,0.0000,--,--,9310.0000,9270.0000
28,2024/02/20,--,--,4207.0000,475471.0000,5690.0000,1800.0000,--,--,9220.0000,9284.0000
27,2024/02/21,--,--,2770.0000,476392.0000,5690.0000,0.0000,--,--,9110.0000,9284.0000
26,2024/02/22,--,--,1400.0000,494197.0000,5658.0000,-32.0000,--,--,9177.0000,9284.0000
25,2024/02/23,--,--,1300.0000,481813.0000,5865.0000,207.0000,--,--,9124.0000,9284.0000
24,2024/02/26,--,--,0.0000,478079.0000,7434.0000,1569.0000,--,--,9080.0000,9130.0000
23,2024/02/27,--,--,38115.0000,466741.0000,5291.0000,-2143.0000,--,--,9072.0000,9029.0000
22,2024/02/28,--,--,19363.0000,464816.0000,4660.0000,-631.0000,--,--,9123.0000,9087.0000
21,2024/02/29,--,--,2542.0000,469094.0000,0.0000,-4660.0000,--,--,9035.0000,8986.0000
20,2024/03/01,--,--,1623.0000,469381.0000,--,--,--,--,9040.0000,8986.0000
19,2024/03/04,--,--,1585.0000,472415.0000,--,--,--,--,9110.0000,9078.0000
18,2024/03/05,--,--,1585.0000,482673.0000,--,--,--,--,9082.0000,9078.0000
17,2024/03/06,--,--,1507.0000,496901.0000,1772.0000,1772.0000,--,--,9179.0000,9164.0000
16,2024/03/07,--,--,1507.0000,497653.0000,1772.0000,0.0000,--,--,9134.0000,9164.0000
15,2024/03/08,--,--,1507.0000,512691.0000,1772.0000,0.0000,--,--,9201.0000,9164.0000
14,2024/03/11,--,--,1491.0000,569852.0000,1772.0000,0.0000,--,--,9284.0000,9207.0000
13,2024/03/12,--,--,1484.0000,545943.0000,1772.0000,0.0000,--,--,9313.0000,9320.0000
12,2024/03/13,--,--,1416.0000,561126.0000,1772.0000,0.0000,--,--,9307.0000,9330.0000
11,2024/03/14,--,--,1410.0000,605624.0000,1772.0000,0.0000,--,--,9394.0000,9330.0000
10,2024/03/15,--,--,1332.0000,586033.0000,1772.0000,0.0000,--,--,9503.0000,9550.0000
9,2024/03/18,--,--,1332.0000,575453.0000,1772.0000,0.0000,--,--,9414.0000,9550.0000
8,2024/03/19,--,--,1332.0000,564315.0000,1772.0000,0.0000,--,--,9357.0000,9550.0000
7,2024/03/20,--,--,1304.0000,538398.0000,2672.0000,900.0000,--,--,9280.0000,9550.0000
6,2024/03/21,--,--,1304.0000,505017.0000,4435.0000,1763.0000,--,--,9168.0000,9543.0000
5,2024/03/22,--,--,1200.0000,493507.0000,4079.0000,-356.0000,--,--,9194.0000,9543.0000
4,2024/03/25,--,--,1080.0000,486039.0000,3989.0000,-90.0000,--,--,9225.0000,9543.0000
3,2024/03/26,--,--,0.0000,494657.0000,3989.0000,0.0000,--,--,9302.0000,9480.0000
2,2024/03/27,--,--,36649.0000,487167.0000,3053.0000,-936.0000,--,--,9306.0000,9350.0000
1,2024/03/28,--,--,23570.0000,476310.0000,2656.0000,-397.0000,--,--,9257.0000,9301.0000
0,2024/03/29,--,--,9396.0000,473029.0000,0.0000,-2656.0000,--,--,9325.0000,9401.0000
