,time,thscode,open,high,low,close,avgPrice,changeRatio,volume,amount
0,2019-10-08,NHEBI.SL,1000.0,1000.0,1000.0,1000.0,,,7773,
1,2019-10-09,NHEBI.SL,1000.3765,1006.2751,996.4859,997.992,,-0.2008,16125,
2,2019-10-10,NHEBI.SL,997.741,1000.0,983.3082,984.3122,,-1.3707324307209,51323,
3,2019-10-11,NHEBI.SL,982.9317,988.9558,978.1627,982.1787,,-0.21675033591983,31958,
4,2019-10-14,NHEBI.SL,982.4297,985.1908,973.3936,975.1506,,-0.71556224951732,31793,
5,2019-10-15,NHEBI.SL,973.8956,973.8956,952.8112,959.9649,,-1.5572671544272,66053,
6,2019-10-16,NHEBI.SL,963.2279,963.3534,940.01,944.5281,,-1.6080587946497,74664,
7,2019-10-17,NHEBI.SL,942.5201,943.5241,931.8524,938.504,,-0.63778938921986,80985,
8,2019-10-18,NHEBI.SL,940.01,950.5522,937.1235,947.0382,,0.90934082326766,85523,
9,2019-10-21,NHEBI.SL,948.7952,951.9327,936.998,940.512,,-0.68911686983693,53190,
10,2019-10-22,NHEBI.SL,941.6416,942.3946,929.8444,937.3745,,-0.33359489299445,46989,
11,2019-10-23,NHEBI.SL,941.5161,943.1476,933.9859,934.6135,,-0.29454609657079,36743,
12,2019-10-24,NHEBI.SL,932.4799,946.7871,928.7149,942.3946,,0.83254735781154,70198,
13,2019-10-25,NHEBI.SL,943.7751,945.0301,935.6175,935.743,,-0.70581898495597,30630,
14,2019-10-28,NHEBI.SL,934.99,941.5161,930.0954,932.4799,,-0.34871754317158,45494,
15,2019-10-29,NHEBI.SL,932.4799,935.743,924.9498,926.5813,,-0.63257127579908,50605,
16,2019-10-30,NHEBI.SL,924.9498,928.5894,919.3022,920.6827,,-0.63659821323829,79689,
17,2019-10-31,NHEBI.SL,918.6747,922.9418,918.1727,919.3022,,-0.14994308028162,47280,
18,2019-11-01,NHEBI.SL,918.1727,922.4398,909.1365,909.6386,,-1.0511886080551,92160,
19,2019-11-04,NHEBI.SL,910.0151,918.8002,909.8896,917.6707,,0.88299902840535,63476,
20,2019-11-05,NHEBI.SL,917.7962,925.2008,916.7922,920.0552,,0.25984266469443,74284,
21,2019-11-06,NHEBI.SL,923.1928,923.9458,919.1767,919.9297,,-0.01364048591867,40894,
22,2019-11-07,NHEBI.SL,919.5532,920.6827,907.1285,910.8936,,-0.98225984007257,70347,
23,2019-11-08,NHEBI.SL,915.2861,915.4116,887.2992,889.4327,,-2.3560270925166,145994,
24,2019-11-11,NHEBI.SL,889.5582,890.6878,872.6155,873.8705,,-1.7496770694399,160600,
25,2019-11-12,NHEBI.SL,873.243,876.255,866.5914,872.3645,,-0.1723367478362,141415,
26,2019-11-13,NHEBI.SL,872.239,887.0482,871.1094,873.996,,0.18702044844786,217665,
27,2019-11-14,NHEBI.SL,875.502,876.255,862.4498,870.9839,,-0.34463544455581,152375,
28,2019-11-15,NHEBI.SL,870.9839,877.51,869.1014,872.1135,,0.12969240878047,127841,
29,2019-11-18,NHEBI.SL,872.239,880.8986,870.3564,879.0161,,0.79147954939351,124660,
30,2019-11-19,NHEBI.SL,878.1376,881.0241,867.3444,872.741,,-0.71387770940715,122896,
31,2019-11-20,NHEBI.SL,871.8624,872.239,864.4578,869.7289,,-0.34513102970985,116281,
32,2019-11-21,NHEBI.SL,869.9799,877.51,867.4699,875.251,,0.63492198546007,120694,
33,2019-11-22,NHEBI.SL,875.502,884.2871,873.745,876.757,,0.17206492766075,141658,
34,2019-11-25,NHEBI.SL,876.757,889.4327,876.757,889.3072,,1.4314342514517,137464,
35,2019-11-26,NHEBI.SL,889.1817,898.0924,883.0321,897.3394,,0.90319745527755,197000,
36,2019-11-27,NHEBI.SL,897.7159,908.007,894.3273,896.2098,,-0.12588324997208,274438,
37,2019-11-28,NHEBI.SL,898.5944,902.8614,891.8173,897.5904,,0.15404875063853,162456,
38,2019-11-29,NHEBI.SL,899.0964,899.0964,887.2992,894.2018,,-0.37752186297893,135980,
39,2019-12-02,NHEBI.SL,892.8213,896.5863,879.7691,885.5422,,-0.96841674888152,154994,
40,2019-12-03,NHEBI.SL,885.4167,902.4849,885.1657,899.4729,,1.5731266110187,192425,
41,2019-12-04,NHEBI.SL,899.8494,911.6466,898.0924,900.6024,,0.12557354423908,219269,
42,2019-12-05,NHEBI.SL,903.6145,919.1767,903.6145,916.4157,,1.7558580789925,222020,
43,2019-12-06,NHEBI.SL,919.9297,921.5612,913.7801,919.5532,,0.34236646098489,128994,
44,2019-12-09,NHEBI.SL,919.4277,940.512,912.1486,913.1526,,-0.69605543213812,304517,
45,2019-12-10,NHEBI.SL,912.3996,926.3303,911.8976,925.7028,,1.3743814560677,251130,
46,2019-12-11,NHEBI.SL,928.2129,934.1114,909.3876,912.1486,,-1.4642064386108,302141,
47,2019-12-12,NHEBI.SL,912.3996,920.0552,906.1245,919.4277,,0.79801690207056,190923,
48,2019-12-13,NHEBI.SL,920.3062,927.2088,911.2701,919.0512,,-0.040949386232323,217861,
49,2019-12-16,NHEBI.SL,919.9297,926.5813,916.4157,921.9378,,0.3140847865712,185057,
50,2019-12-17,NHEBI.SL,919.9297,934.6135,919.9297,932.4799,,1.1434719348746,172690,
51,2019-12-18,NHEBI.SL,934.99,938.755,921.5612,924.1968,,-0.88828724351056,165777,
52,2019-12-19,NHEBI.SL,925.7028,933.9859,921.6867,932.9819,,0.95056594006817,142057,
53,2019-12-20,NHEBI.SL,932.4799,936.998,927.9618,929.2169,,-0.40354480617469,140319,
54,2019-12-23,NHEBI.SL,931.2249,931.7269,918.0472,922.4398,,-0.72933456117727,170980,
55,2019-12-24,NHEBI.SL,923.1928,926.2048,919.0512,923.5693,,0.12244701497052,103511,
56,2019-12-25,NHEBI.SL,924.9498,927.7108,921.9378,922.5653,,-0.10870868055056,91565,
57,2019-12-26,NHEBI.SL,922.1888,925.5773,918.6747,924.4478,,0.20405059674367,80293,
58,2019-12-27,NHEBI.SL,924.5733,931.0994,922.6908,929.7189,,0.57018903609267,134066,
59,2019-12-30,NHEBI.SL,929.7189,931.9779,925.3263,925.5773,,-0.44546797962265,126252,
60,2019-12-31,NHEBI.SL,926.4558,928.3384,908.258,913.1526,,-1.3423730249219,212513,
61,2020-01-02,NHEBI.SL,914.6586,920.6827,911.2701,915.0351,,0.20615393308852,38941,
62,2020-01-03,NHEBI.SL,915.4116,921.8122,912.5251,918.8002,,0.41147055451752,50008,
63,2020-01-06,NHEBI.SL,919.9297,929.9699,918.1727,927.0833,,0.90151264660151,60326,
64,2020-01-07,NHEBI.SL,927.4598,927.4598,913.7801,918.4237,,-0.93406924706765,51313,
65,2020-01-08,NHEBI.SL,917.1687,933.4839,916.5412,925.4518,,0.76523504347721,73553,
66,2020-01-09,NHEBI.SL,921.6867,926.8323,911.8976,916.7922,,-0.93571593896085,59441,
67,2020-01-10,NHEBI.SL,917.5452,932.2289,911.0191,932.2289,,1.6837730512978,73541,
68,2020-01-13,NHEBI.SL,933.4839,949.5482,931.4759,946.4106,,1.5212680061732,157262,
69,2020-01-14,NHEBI.SL,946.4106,952.1837,938.504,946.4106,,0.0,90738,
70,2020-01-15,NHEBI.SL,947.6657,950.8032,938.755,945.1556,,-0.13260629160324,84969,
71,2020-01-16,NHEBI.SL,945.0301,947.5402,927.3343,937.1235,,-0.84981774429523,86332,
72,2020-01-17,NHEBI.SL,936.1195,941.0141,933.7349,936.1195,,-0.10713635929523,50613,
73,2020-01-20,NHEBI.SL,937.5,945.0301,935.743,943.1476,,0.75076953316323,60226,
74,2020-01-21,NHEBI.SL,942.5201,946.0341,931.3504,932.9819,,-1.077848260442,53233,
75,2020-01-22,NHEBI.SL,931.2249,933.4839,917.4197,927.9618,,-0.5380704598878,58387,
76,2020-01-23,NHEBI.SL,928.0873,929.9699,911.8976,913.9056,,-1.5147390765439,31988,
77,2020-02-03,NHEBI.SL,864.7088,869.7289,864.7088,864.7088,,-5.38313803964,25323,
78,2020-02-04,NHEBI.SL,840.8635,862.9518,815.3865,861.5713,,-0.36283891178164,55193,
79,2020-02-05,NHEBI.SL,854.6687,880.1456,854.6687,871.6114,,1.1653243324145,56005,
80,2020-02-06,NHEBI.SL,876.004,881.2751,869.1014,877.3845,,0.66234792248013,36122,
81,2020-02-07,NHEBI.SL,875.1255,876.6315,871.3604,874.8745,,-0.28607754069054,21801,
82,2020-02-10,NHEBI.SL,872.239,877.1335,868.8504,874.247,,-0.071724573067343,20038,
83,2020-02-11,NHEBI.SL,871.3604,876.004,867.5954,870.7329,,-0.40195734157509,32350,
84,2020-02-12,NHEBI.SL,868.4739,871.988,855.4217,861.9478,,-1.0089316712392,53429,
85,2020-02-13,NHEBI.SL,864.7088,865.7129,857.3042,863.3283,,0.16016051088012,34637,
86,2020-02-14,NHEBI.SL,863.8303,867.8464,858.5592,864.2068,,0.1017573500139,33561,
87,2020-02-17,NHEBI.SL,865.8384,877.259,862.1988,872.992,,1.016562239501,36104,
88,2020-02-18,NHEBI.SL,872.992,879.5181,869.7289,870.7329,,-0.25877671273047,37284,
89,2020-02-19,NHEBI.SL,872.992,882.2791,870.3564,878.5141,,0.89363799162751,39310,
90,2020-02-20,NHEBI.SL,881.0241,887.0482,876.3805,881.9026,,0.38570809506643,45720,
91,2020-02-21,NHEBI.SL,881.9026,888.3032,880.0201,884.0361,,0.24192013948026,41591,
92,2020-02-24,NHEBI.SL,879.3926,882.2791,872.3645,881.5261,,-0.28392505690661,35863,
93,2020-02-25,NHEBI.SL,874.247,881.0241,872.741,879.6436,,-0.2135501149654,28404,
94,2020-02-26,NHEBI.SL,876.004,884.0361,866.8424,867.3444,,-1.3982026357038,48076,
95,2020-02-27,NHEBI.SL,863.8303,864.7088,855.9237,858.4337,,-1.0273543012441,32587,
96,2020-02-28,NHEBI.SL,853.4137,857.0532,838.4789,840.4869,,-2.0906448570227,46726,
97,2020-03-02,NHEBI.SL,838.3534,851.9076,834.0863,848.2681,,0.92579670188792,45223,
98,2020-03-03,NHEBI.SL,854.4177,859.6888,840.8635,840.989,,-0.85811313663687,53263,
99,2020-03-04,NHEBI.SL,847.3896,851.5311,842.6205,848.2681,,0.86554045296668,42003,
100,2020-03-05,NHEBI.SL,848.3936,850.5271,843.6245,847.2641,,-0.11835880660843,38531,
101,2020-03-06,NHEBI.SL,844.6285,846.8876,835.8434,842.6205,,-0.54806995835183,47652,
102,2020-03-09,NHEBI.SL,807.4799,807.4799,807.4799,807.4799,,-4.1703946201166,1842,
103,2020-03-10,NHEBI.SL,753.012,794.6787,753.012,787.6506,,-2.4557019933252,69001,
104,2020-03-11,NHEBI.SL,790.6627,796.9378,775.1004,776.7319,,-1.3862364860764,39023,
105,2020-03-12,NHEBI.SL,771.8373,777.4849,754.3926,768.0723,,-1.1148763170407,56090,
106,2020-03-13,NHEBI.SL,756.7771,765.3112,743.3484,763.4287,,-0.60457850126869,60208,
107,2020-03-16,NHEBI.SL,761.1697,762.4247,745.3564,745.8584,,-2.3014984896429,66606,
108,2020-03-17,NHEBI.SL,740.4618,746.1094,724.8996,724.8996,,-2.8100239938305,112774,
109,2020-03-18,NHEBI.SL,714.3574,714.7339,677.7108,677.7108,,-6.5097014814189,148171,
110,2020-03-19,NHEBI.SL,641.3153,662.3996,635.1657,635.1657,,-6.2777662684437,99370,
111,2020-03-20,NHEBI.SL,663.6546,666.7922,625.502,649.7239,,2.2920318272854,224523,
112,2020-03-23,NHEBI.SL,592.746,627.51,584.5884,606.4257,,-6.664092239796,158198,
113,2020-03-24,NHEBI.SL,614.9598,616.9679,573.9207,600.2761,,-1.0140731172838,175212,
114,2020-03-25,NHEBI.SL,585.2159,595.6325,565.3865,572.4147,,-4.6414308349108,259164,
115,2020-03-26,NHEBI.SL,569.0261,590.6124,560.492,578.8153,,1.1181753368668,279613,
116,2020-03-27,NHEBI.SL,583.7098,589.6084,567.2691,582.9568,,0.71551322157518,236107,
117,2020-03-30,NHEBI.SL,571.0341,576.9327,544.4277,544.8042,,-6.544670205408,270300,
118,2020-03-31,NHEBI.SL,549.4478,577.1837,547.9418,555.3464,,1.9350438194125,265941,
119,2020-04-01,NHEBI.SL,551.7068,562.8765,549.6988,555.2209,,-0.022598507886247,128584,
120,2020-04-02,NHEBI.SL,550.5675,599.103,550.1431,585.4593,,5.4461926775451,264114,
121,2020-04-03,NHEBI.SL,595.3498,615.6724,579.1645,611.971,,4.5283591873936,211952,
122,2020-04-07,NHEBI.SL,621.9319,625.2167,607.5797,617.8282,,0.9571041765051,218174,
123,2020-04-08,NHEBI.SL,608.2775,629.5033,599.0432,621.1981,,0.54544289172943,190649,
124,2020-04-09,NHEBI.SL,628.1938,667.2039,622.6209,661.0382,,6.4134291460325,356379,
125,2020-04-10,NHEBI.SL,647.4024,666.1368,639.4581,651.4339,,-1.4529114958863,510594,
126,2020-04-13,NHEBI.SL,658.1925,689.4955,652.7382,657.3625,,0.91008466093029,357390,
127,2020-04-14,NHEBI.SL,660.2082,664.5954,628.9052,640.2881,,-2.5974101047748,282424,
128,2020-04-15,NHEBI.SL,630.091,650.7225,620.9609,641.9481,,0.25925829325892,243490,
129,2020-04-16,NHEBI.SL,634.3595,651.9082,634.3595,643.371,,0.22165343273078,202214,
130,2020-04-17,NHEBI.SL,652.1453,669.694,646.9282,655.2282,,1.8429801778445,240894,
131,2020-04-20,NHEBI.SL,640.4067,658.6668,637.9167,657.8368,,0.39812083790045,156920,
132,2020-04-21,NHEBI.SL,650.9596,657.5996,600.5666,616.5738,,-6.2725283839396,335213,
133,2020-04-22,NHEBI.SL,586.9308,597.958,571.3979,571.3979,,-7.3269250169242,261268,
134,2020-04-23,NHEBI.SL,583.3736,630.6838,583.2551,629.0238,,10.085073816337,316362,
135,2020-04-24,NHEBI.SL,634.3595,639.9324,616.9295,628.5495,,-0.075402552335871,270476,
136,2020-04-27,NHEBI.SL,627.2452,643.8453,619.8938,631.5138,,0.47160963456338,220522,
137,2020-04-28,NHEBI.SL,627.0081,642.541,623.9252,634.8338,,0.52572089477697,199787,
138,2020-04-29,NHEBI.SL,640.2881,651.1967,640.2881,646.9282,,1.9051285549068,142699,
139,2020-04-30,NHEBI.SL,662.4611,662.5796,647.521,655.7025,,1.3563019821983,104189,
140,2020-05-06,NHEBI.SL,687.7169,688.9026,671.2354,678.824,,3.5262180638323,123334,
141,2020-05-07,NHEBI.SL,675.8597,679.4169,654.161,655.4653,,-3.4410539403439,210194,
142,2020-05-08,NHEBI.SL,664.2397,666.1368,645.031,656.2953,,0.12662760332241,197304,
143,2020-05-11,NHEBI.SL,653.9239,661.2754,643.1339,645.7424,,-1.6079499578924,124264,
144,2020-05-12,NHEBI.SL,650.6039,651.5525,639.3396,646.4539,,0.11018325573789,111270,
145,2020-05-13,NHEBI.SL,649.181,659.6153,635.071,650.2482,,0.58694053821936,192829,
146,2020-05-14,NHEBI.SL,653.331,657.2439,644.4381,653.0939,,0.43763289156355,118922,
147,2020-05-15,NHEBI.SL,652.1453,667.2039,649.181,662.5796,,1.4524251413158,134037,
148,2020-05-18,NHEBI.SL,664.0025,687.8355,658.3111,679.5354,,2.5590585644351,167455,
149,2020-05-19,NHEBI.SL,682.974,698.2698,673.7254,680.6026,,0.15704847753334,209277,
150,2020-05-20,NHEBI.SL,681.7883,689.8512,677.164,685.3454,,0.69685305345586,126591,
151,2020-05-21,NHEBI.SL,685.3454,690.6812,679.7726,684.2783,,-0.15570251146358,149509,
152,2020-05-22,NHEBI.SL,685.3454,693.0526,662.3425,664.8325,,-2.8417969706185,193980,
153,2020-05-25,NHEBI.SL,665.1882,679.2983,660.4454,676.0968,,1.6943064606499,119037,
154,2020-05-26,NHEBI.SL,678.4683,681.1954,672.3025,674.5554,,-0.22798510509147,85287,
155,2020-05-27,NHEBI.SL,679.4169,683.804,669.4568,679.4169,,0.72069692126104,117653,
156,2020-05-28,NHEBI.SL,678.2311,681.1954,664.5954,672.4211,,-1.0296770657309,130878,
157,2020-05-29,NHEBI.SL,674.1997,681.0769,669.9311,672.3025,,-0.017637757054324,111437,
158,2020-06-01,NHEBI.SL,672.3025,688.4283,669.1011,687.0055,,2.186961970244,121669,
159,2020-06-02,NHEBI.SL,686.5312,693.6455,681.7883,688.1912,,0.17258959353309,87923,
160,2020-06-03,NHEBI.SL,688.9026,710.0084,687.8355,705.6212,,2.5327263702297,154226,
161,2020-06-04,NHEBI.SL,701.9455,703.7241,686.294,689.0212,,-2.3525370269487,120448,
162,2020-06-05,NHEBI.SL,689.0212,698.3884,686.294,696.7283,,1.118557745393,78294,
163,2020-06-08,NHEBI.SL,705.5027,709.7713,695.1869,700.0484,,0.47652722015168,89114,
164,2020-06-09,NHEBI.SL,698.1512,701.5898,690.3255,693.2898,,-0.96544753191351,78386,
165,2020-06-10,NHEBI.SL,692.4598,698.9812,689.4955,693.6455,,0.051306106046845,68226,
166,2020-06-11,NHEBI.SL,693.6455,696.0169,683.4483,685.3454,,-1.1965910540759,82510,
167,2020-06-12,NHEBI.SL,681.9069,682.8554,661.6311,673.4883,,-1.7300911336094,111802,
168,2020-06-15,NHEBI.SL,676.6897,685.3454,666.6111,671.8283,,-0.24647792693651,91800,
169,2020-06-16,NHEBI.SL,672.5397,687.4797,670.6425,686.8869,,2.2414357954257,81817,
170,2020-06-17,NHEBI.SL,690.6812,694.7126,680.7211,683.9226,,-0.43155576267359,69821,
171,2020-06-18,NHEBI.SL,683.9226,689.8512,681.0769,687.5983,,0.53744385695107,55302,
172,2020-06-19,NHEBI.SL,691.1555,697.2026,686.0569,692.5783,,0.72426008034052,62936,
173,2020-06-22,NHEBI.SL,694.8312,695.4241,680.1283,682.6183,,-1.4381045435585,82758,
174,2020-06-23,NHEBI.SL,683.9226,688.3097,678.1126,684.5154,,0.27791519799572,68457,
175,2020-06-24,NHEBI.SL,685.3454,687.0055,680.0097,682.6183,,-0.2771449700036,46830,
176,2020-06-29,NHEBI.SL,670.2868,678.1126,666.4925,668.5082,,-2.0670556297714,58703,
177,2020-06-30,NHEBI.SL,670.9982,675.6226,669.4568,671.1168,,0.39021211706902,50157,
178,2020-07-01,NHEBI.SL,669.9311,673.4883,658.3111,671.1168,,0.0,129089,
179,2020-07-02,NHEBI.SL,669.9311,675.8597,664.4768,674.1997,,0.45936862257062,84881,
180,2020-07-03,NHEBI.SL,673.4883,681.7883,671.1168,677.6383,,0.51002692525671,87426,
181,2020-07-06,NHEBI.SL,676.0968,684.3969,668.1525,681.0769,,0.50743885049001,160761,
182,2020-07-07,NHEBI.SL,681.0769,686.5312,673.4883,675.7411,,-0.78343576180605,138245,
183,2020-07-08,NHEBI.SL,677.2826,681.5511,672.8954,677.5197,,0.26320731416218,78038,
184,2020-07-09,NHEBI.SL,677.5197,680.484,670.7611,673.7254,,-0.5600279962339,89037,
185,2020-07-10,NHEBI.SL,673.6068,674.674,652.1453,652.2639,,-3.1854966429943,178249,
186,2020-07-13,NHEBI.SL,656.2953,668.3897,655.5839,662.4611,,1.56335495495,124500,
187,2020-07-14,NHEBI.SL,661.1568,666.9668,648.1139,663.8839,,0.21477487508324,152820,
188,2020-07-15,NHEBI.SL,663.7654,674.1997,662.1054,672.0654,,1.2323690934514,148092,
189,2020-07-16,NHEBI.SL,672.3025,675.7411,666.1368,667.6782,,-0.65279361205026,106961,
190,2020-07-17,NHEBI.SL,664.3582,670.524,655.2282,659.2596,,-1.2608768715228,117172,
191,2020-07-20,NHEBI.SL,661.6311,667.3225,655.9396,663.7654,,0.68346369169293,120239,
192,2020-07-21,NHEBI.SL,660.4454,666.9668,658.0739,660.6825,,-0.46445626722935,89302,
193,2020-07-22,NHEBI.SL,666.2554,669.9311,661.3939,663.0539,,0.35893186212742,106946,
194,2020-07-23,NHEBI.SL,663.1725,677.8754,654.5168,675.9783,,1.9492231325387,172315,
195,2020-07-24,NHEBI.SL,674.1997,682.974,667.7968,673.2511,,-0.40344490348285,192041,
196,2020-07-27,NHEBI.SL,675.0297,679.8911,671.1168,679.2983,,0.89820870697428,107867,
197,2020-07-28,NHEBI.SL,678.824,680.8397,668.864,672.5397,,-0.99493845340111,115135,
198,2020-07-29,NHEBI.SL,672.3025,677.6383,670.7611,675.1483,,0.38787301329571,83207,
199,2020-07-30,NHEBI.SL,675.8597,677.5197,661.8682,667.6782,,-1.1064383928686,125664,
200,2020-07-31,NHEBI.SL,667.6782,669.1011,658.4296,659.2596,,-1.2608768715228,130462,
201,2020-08-03,NHEBI.SL,658.0739,660.4454,653.4496,654.5168,,-0.71941311131457,107055,
202,2020-08-04,NHEBI.SL,656.8219,665.1512,654.3092,657.5539,,0.46402170272788,104112,
203,2020-08-05,NHEBI.SL,656.824,663.3993,655.3379,659.0351,,0.22525910043269,98829,
204,2020-08-06,NHEBI.SL,665.2829,665.6153,656.0408,659.402,,0.055672300306916,97290,
205,2020-08-07,NHEBI.SL,661.0693,661.6637,646.9568,649.0711,,-1.5667074106539,149571,
206,2020-08-10,NHEBI.SL,646.7295,649.5172,635.579,646.172,,-0.44665368709221,144208,
207,2020-08-11,NHEBI.SL,647.3986,652.7508,641.9348,645.28,,-0.13804374067587,107095,
208,2020-08-12,NHEBI.SL,645.28,649.9632,639.7047,644.1649,,-0.17280870319861,102389,
209,2020-08-13,NHEBI.SL,645.8375,647.3986,641.7118,645.6145,,0.22503554602246,74104,
210,2020-08-14,NHEBI.SL,645.3915,649.1826,641.1543,641.2658,,-0.67357533016994,84358,
211,2020-08-17,NHEBI.SL,641.1543,641.9348,635.802,637.1401,,-0.64336816340432,100643,
212,2020-08-18,NHEBI.SL,635.579,639.8162,629.2232,629.5578,,-1.1900522349794,121851,
213,2020-08-19,NHEBI.SL,629.5578,630.0038,613.501,614.9506,,-2.3202317563217,161087,
214,2020-08-20,NHEBI.SL,613.278,627.7737,612.0515,616.9577,,0.3263839404336,136818,
215,2020-08-21,NHEBI.SL,616.5117,631.6763,610.9364,630.0038,,2.1145858135817,157101,
216,2020-08-24,NHEBI.SL,628.8887,637.8091,626.2126,637.8091,,1.2389290350312,141660,
217,2020-08-25,NHEBI.SL,637.8091,640.3737,633.9065,637.3631,,-0.069926879375022,96083,
218,2020-08-26,NHEBI.SL,637.8091,638.9242,626.6586,629.1117,,-1.2946152671844,130682,
219,2020-08-27,NHEBI.SL,629.3347,641.1543,627.9967,640.1507,,1.7546963440674,136296,
220,2020-08-28,NHEBI.SL,640.1507,644.4994,633.5719,638.7012,,-0.22643105756192,156809,
221,2020-08-31,NHEBI.SL,638.1436,647.6216,638.0321,644.7224,,0.9427256438535,83859,
222,2020-09-01,NHEBI.SL,645.1685,646.618,637.2516,644.9455,,0.034604040436635,90113,
223,2020-09-02,NHEBI.SL,647.2871,655.6499,646.2835,650.5207,,0.86444513528662,143802,
224,2020-09-03,NHEBI.SL,650.6322,651.7473,641.7118,643.8304,,-1.0284530530696,125542,
225,2020-09-04,NHEBI.SL,641.9348,644.7224,635.133,639.5932,,-0.65812363007401,128653,
226,2020-09-07,NHEBI.SL,640.5968,647.5101,631.7879,633.5719,,-0.94142651923129,147741,
227,2020-09-08,NHEBI.SL,634.5755,637.1401,627.2161,628.3312,,-0.82716736648201,126346,
228,2020-09-09,NHEBI.SL,624.4285,630.6728,615.1736,624.986,,-0.53239438054325,187531,
229,2020-09-10,NHEBI.SL,625.7666,640.8198,622.4214,637.1401,,1.9446995612702,192056,
230,2020-09-11,NHEBI.SL,639.8162,639.8162,630.5613,634.91,,-0.35001720971573,109888,
231,2020-09-14,NHEBI.SL,638.9242,642.7154,628.4427,640.2622,,0.84298562000914,117575,
232,2020-09-15,NHEBI.SL,640.5968,644.4994,635.579,636.6941,,-0.55728731135462,137386,
233,2020-09-16,NHEBI.SL,641.9348,644.9455,635.9135,644.4994,,1.2259105275202,173071,
234,2020-09-17,NHEBI.SL,645.3915,647.2871,637.9206,640.2622,,-0.65744048791978,146652,
235,2020-09-18,NHEBI.SL,638.9242,652.9738,638.9242,648.0676,,1.219094302303,177557,
236,2020-09-21,NHEBI.SL,646.841,647.8446,639.0357,640.7083,,-1.1355759800366,117367,
237,2020-09-22,NHEBI.SL,640.0392,640.0392,621.0834,627.6622,,-2.0361996246966,147305,
238,2020-09-23,NHEBI.SL,627.6622,633.1259,624.6515,632.2339,,0.72836949556624,128627,
239,2020-09-24,NHEBI.SL,632.2339,634.91,621.4179,623.3135,,-1.4109335168519,128176,
240,2020-09-25,NHEBI.SL,622.7559,630.6728,619.2993,626.8816,,0.5724406739145,209265,
241,2020-09-28,NHEBI.SL,629.4462,638.3667,625.0975,629.4462,,0.4091043667576,136251,
242,2020-09-29,NHEBI.SL,633.5719,637.8091,629.2232,631.6763,,0.35429556966108,98121,
243,2020-09-30,NHEBI.SL,630.7843,632.0109,617.5152,623.9825,,-1.217997255873,127213,
244,2020-10-09,NHEBI.SL,632.0109,641.0428,628.8887,629.7808,,0.92924080402897,64266,
245,2020-10-12,NHEBI.SL,630.2268,640.5968,627.6622,640.0392,,1.6288842086008,108685,
246,2020-10-13,NHEBI.SL,641.8233,665.6854,641.1543,662.5633,,3.5191750755266,238180,
247,2020-10-14,NHEBI.SL,664.5704,703.5971,661.7827,688.0979,,3.8539110149928,567641,
248,2020-10-15,NHEBI.SL,691.3316,696.6838,681.0731,690.6625,,0.37270859277438,272837,
249,2020-10-16,NHEBI.SL,687.3174,698.5794,681.9651,688.3209,,-0.3390367943822,266516,
250,2020-10-19,NHEBI.SL,690.2165,737.9407,690.2165,705.1582,,2.4461410368332,461426,
251,2020-10-20,NHEBI.SL,709.7299,721.1034,705.1582,716.0857,,1.5496522624285,234100,
252,2020-10-21,NHEBI.SL,722.553,744.408,711.737,714.1901,,-0.26471691865931,436066,
253,2020-10-22,NHEBI.SL,714.8591,727.7937,702.4821,725.4521,,1.5768910826403,287074,
254,2020-10-23,NHEBI.SL,726.0097,726.2327,698.6909,699.2484,,-3.6120510230793,503029,
255,2020-10-26,NHEBI.SL,704.1547,720.3229,700.5865,709.0609,,1.4032924494357,359707,
256,2020-10-27,NHEBI.SL,707.8343,725.7866,703.5971,717.7583,,1.2266083209496,449692,
257,2020-10-28,NHEBI.SL,727.0132,738.7212,721.661,735.8221,,2.5166967766169,503891,
258,2020-10-29,NHEBI.SL,735.5991,765.0364,730.6929,761.8028,,3.530839859254,625395,
259,2020-10-30,NHEBI.SL,757.1196,774.5144,744.631,752.2134,,-1.2587772058596,705773,
260,2020-11-02,NHEBI.SL,754.8895,782.8773,745.3,780.9817,,3.8244865087487,391624,
261,2020-11-03,NHEBI.SL,779.1976,785.1074,767.6011,776.1869,,-0.61394524353132,296849,
262,2020-11-04,NHEBI.SL,789.9021,814.3217,783.1003,811.3111,,4.525224530329,514886,
263,2020-11-05,NHEBI.SL,811.7571,825.8067,788.8985,789.5676,,-2.6800446832294,581676,
264,2020-11-06,NHEBI.SL,793.6932,800.272,773.1763,779.4206,,-1.2851337871513,502582,
265,2020-11-09,NHEBI.SL,784.9959,825.1377,783.8808,824.1341,,5.7367613840332,614821,
266,2020-11-10,NHEBI.SL,836.8457,845.2086,811.5341,823.7996,,-0.040588054783795,616027,
267,2020-11-11,NHEBI.SL,827.3678,847.4387,814.9907,847.4387,,2.8695206941106,369554,
268,2020-11-12,NHEBI.SL,851.0069,858.5892,837.1802,847.4387,,0.0,645225,
269,2020-11-13,NHEBI.SL,843.6475,877.7681,841.6404,876.43,,3.4210498057264,781350,
270,2020-11-16,NHEBI.SL,875.315,940.5455,872.5273,925.3808,,5.5852492497975,1092113,
271,2020-11-17,NHEBI.SL,908.7665,914.3418,876.5415,887.5805,,-4.0848372907672,1193465,
272,2020-11-18,NHEBI.SL,885.2389,886.9115,854.129,856.0246,,-3.5552718880147,999907,
273,2020-11-19,NHEBI.SL,857.2512,882.8973,836.0652,838.2953,,-2.0711203860263,1211074,
274,2020-11-20,NHEBI.SL,841.8634,847.1042,828.8174,839.2988,,0.11970722011683,856541,
275,2020-11-23,NHEBI.SL,841.8634,863.0494,830.0439,848.7768,,1.1292760099264,947110,
276,2020-11-24,NHEBI.SL,848.7768,852.5679,805.7358,811.7571,,-4.3615353294294,718106,
277,2020-11-25,NHEBI.SL,809.75,823.7996,807.4084,818.4474,,0.82417511346682,392467,
278,2020-11-26,NHEBI.SL,819.2279,840.5254,808.4119,819.5624,,0.13623355636538,711488,
279,2020-11-27,NHEBI.SL,819.5624,839.9679,807.2969,839.8564,,2.4761994937786,578314,
280,2020-11-30,NHEBI.SL,841.8634,866.7291,832.051,850.0033,,1.2081708253935,768724,
281,2020-12-01,NHEBI.SL,853.46,858.4777,826.2527,826.3642,,-2.7810597911796,533078,
282,2020-12-02,NHEBI.SL,826.0166,831.7152,809.582,814.0153,,-1.4943653173746,567034,
283,2020-12-03,NHEBI.SL,812.814,830.1961,802.5316,821.8858,,0.96687371846696,376109,
284,2020-12-04,NHEBI.SL,819.6334,821.561,795.8871,801.2108,,-2.5155562974808,507868,
285,2020-12-07,NHEBI.SL,797.1233,828.6246,795.2308,827.9466,,3.3369245646714,351004,
286,2020-12-08,NHEBI.SL,826.0172,836.9906,807.4469,808.0498,,-2.403150154853,315959,
287,2020-12-09,NHEBI.SL,810.341,817.8173,795.6294,805.1558,,-0.35814624296671,349457,
288,2020-12-10,NHEBI.SL,805.1558,807.6881,779.5914,792.6148,,-1.5575867428391,461203,
289,2020-12-11,NHEBI.SL,790.806,810.5821,785.7413,810.5821,,2.2668388225907,277474,
290,2020-12-14,NHEBI.SL,810.5821,818.9026,803.1058,810.341,,-0.029744056771049,345991,
291,2020-12-15,NHEBI.SL,810.0998,829.6348,795.1471,822.3996,,1.4880895820401,476652,
292,2020-12-16,NHEBI.SL,823.3643,833.373,799.4882,802.1411,,-2.4633402059048,464656,
293,2020-12-17,NHEBI.SL,802.1411,828.4289,788.3942,828.1878,,3.2471469171696,424057,
294,2020-12-18,NHEBI.SL,828.4289,864.1225,827.5848,838.4376,,1.2376178446483,524326,
295,2020-12-21,NHEBI.SL,833.9759,841.6935,802.1411,807.6881,,-3.6674762677628,396330,
296,2020-12-22,NHEBI.SL,806.4822,818.5409,777.1797,782.1237,,-3.1651326793102,452656,
297,2020-12-23,NHEBI.SL,784.6561,789.2383,758.73,768.9798,,-1.6805397918513,378728,
298,2020-12-24,NHEBI.SL,772.1151,796.5941,770.1857,781.762,,1.6622283186112,257021,
299,2020-12-25,NHEBI.SL,776.5768,803.7087,773.6827,778.3856,,-0.43189615253747,253213,
300,2020-12-28,NHEBI.SL,777.7826,778.3856,734.9744,739.195,,-5.03485675994,431998,
301,2020-12-29,NHEBI.SL,740.5214,742.2096,724.8452,733.4068,,-0.78304101082936,390157,
302,2020-12-30,NHEBI.SL,737.9891,752.0977,732.201,745.8272,,1.693521249053,327823,
303,2020-12-31,NHEBI.SL,748.1184,767.774,738.7126,766.4475,,2.7647556967619,195545,
304,2021-01-04,NHEBI.SL,768.7386,773.5621,751.6154,767.4122,,0.12586641616027,118025,
305,2021-01-05,NHEBI.SL,763.9579,786.6915,762.9697,773.2128,,0.75586497061163,281133,
306,2021-01-06,NHEBI.SL,776.0877,801.3672,774.818,792.8428,,2.5387577650034,397068,
307,2021-01-07,NHEBI.SL,792.2355,809.0634,780.9065,802.8703,,1.2647526092184,339480,
308,2021-01-08,NHEBI.SL,800.315,815.7229,790.9416,809.8086,,0.86418690540675,349738,
309,2021-01-11,NHEBI.SL,800.641,824.2653,795.1169,803.5793,,-0.76923114918759,463198,
310,2021-01-12,NHEBI.SL,803.4618,812.1593,787.7122,808.6333,,0.62893606144409,383439,
311,2021-01-13,NHEBI.SL,808.6333,830.6121,808.2807,825.3231,,2.0639516082259,337061,
312,2021-01-14,NHEBI.SL,825.3231,833.3154,802.7566,805.6949,,-2.3782443506064,340942,
313,2021-01-15,NHEBI.SL,802.9916,822.7373,802.9916,814.745,,1.1232663878101,199610,
314,2021-01-18,NHEBI.SL,818.8587,833.0803,808.0456,817.4483,,0.33179706533946,246509,
315,2021-01-19,NHEBI.SL,817.4483,838.2518,816.508,827.7913,,1.2652787950015,327374,
316,2021-01-20,NHEBI.SL,830.6121,836.8414,824.6179,831.3173,,0.42595277336209,282148,
317,2021-01-21,NHEBI.SL,831.3173,836.1362,810.1612,813.6872,,-2.1207425852921,292931,
318,2021-01-22,NHEBI.SL,813.6872,820.9743,800.5234,808.2807,,-0.66444451872906,341193,
319,2021-01-25,NHEBI.SL,805.1073,819.5639,801.4637,814.51,,0.77068523348386,264704,
320,2021-01-26,NHEBI.SL,815.6853,830.4946,814.0398,825.088,,1.2986949208727,395328,
321,2021-01-27,NHEBI.SL,830.0244,857.4098,829.2017,857.4098,,3.9173760859448,532362,
322,2021-01-28,NHEBI.SL,855.4118,856.7046,826.4984,828.7316,,-3.3447483338772,613696,
323,2021-01-29,NHEBI.SL,828.7316,851.5331,818.2711,851.063,,2.6946480621712,630482,
324,2021-02-01,NHEBI.SL,850.9455,858.4676,844.8337,857.7624,,0.78718026750076,496356,
325,2021-02-02,NHEBI.SL,859.1728,873.1594,859.1728,869.5158,,1.3702395908238,375291,
326,2021-02-03,NHEBI.SL,873.2769,877.5081,855.4118,865.5197,,-0.45957761779603,262226,
327,2021-02-04,NHEBI.SL,869.7509,885.2654,858.7027,884.5602,,2.1998921572785,357034,
328,2021-02-05,NHEBI.SL,884.5602,892.1999,879.3887,889.8492,,0.59792425659667,348961,
329,2021-02-08,NHEBI.SL,893.2577,902.6604,883.3848,888.9089,,-0.10566958985859,453178,
330,2021-02-09,NHEBI.SL,894.5506,903.8357,885.5004,901.0149,,1.3618943403537,345614,
331,2021-02-10,NHEBI.SL,902.6604,902.6604,875.9802,880.6816,,-2.2567107380799,331065,
332,2021-02-18,NHEBI.SL,982.4659,982.4659,945.0901,979.6451,,11.237148590365,264718,
333,2021-02-19,NHEBI.SL,993.7492,994.3368,960.6046,979.9977,,0.035992626309268,582795,
334,2021-02-22,NHEBI.SL,981.4081,1054.6317,976.0016,1045.3466,,6.668270752064,648754,
335,2021-02-23,NHEBI.SL,1045.8167,1084.8379,1027.2463,1049.6953,,0.41600556217431,707551,
336,2021-02-24,NHEBI.SL,1047.2271,1073.5547,1038.8822,1068.3832,,1.7803166309309,546168,
337,2021-02-25,NHEBI.SL,1075.4352,1130.4411,1060.7435,1111.2831,,4.0154038363763,754780,
338,2021-02-26,NHEBI.SL,1114.2214,1159.1194,1096.3563,1147.1309,,3.2258026780035,808404,
339,2021-03-01,NHEBI.SL,1136.5529,1168.287,1089.5393,1101.2927,,-3.9958996832881,814157,
340,2021-03-02,NHEBI.SL,1097.7667,1103.2908,1039.5874,1063.6818,,-3.415159294164,650908,
341,2021-03-03,NHEBI.SL,1071.7917,1094.2407,1045.229,1062.624,,-0.099447033877993,523281,
342,2021-03-04,NHEBI.SL,1074.2599,1115.1617,1060.3909,1077.7859,,1.4268358328063,610023,
343,2021-03-05,NHEBI.SL,1076.6106,1109.5201,1065.5624,1086.836,,0.83969367199923,557725,
344,2021-03-08,NHEBI.SL,1092.9478,1155.2408,1089.4218,1106.6993,,1.8276262471983,504372,
345,2021-03-09,NHEBI.SL,1096.5913,1109.8727,1031.7126,1036.649,,-6.3296597368409,425487,
346,2021-03-10,NHEBI.SL,1047.4622,1062.5065,1012.6721,1042.8783,,0.60090734665255,348248,
347,2021-03-11,NHEBI.SL,1049.8128,1061.5662,1023.7203,1055.8071,,1.239722794117,311484,
348,2021-03-12,NHEBI.SL,1061.9188,1069.5585,1028.4217,1032.0652,,-2.2486967553069,274620,
349,2021-03-15,NHEBI.SL,1029.597,1064.2695,1008.4409,1030.4197,,-0.15943760142286,400636,
350,2021-03-16,NHEBI.SL,1016.6683,1038.5296,1005.15,1009.2636,,-2.053153680971,255241,
351,2021-03-17,NHEBI.SL,1008.0883,1008.0883,976.1191,978.9399,,-3.0045371694768,301787,
352,2021-03-18,NHEBI.SL,972.8281,987.2848,962.3676,979.9977,,0.10805566306982,249769,
353,2021-03-19,NHEBI.SL,974.121,982.4659,915.0015,923.2288,,-5.7927584932087,307854,
354,2021-03-22,NHEBI.SL,923.5814,956.4909,917.3521,949.3214,,2.8262333237438,236099,
355,2021-03-23,NHEBI.SL,950.2616,957.4312,923.934,937.6855,,-1.2257071208971,173882,
356,2021-03-24,NHEBI.SL,926.1672,966.3638,922.171,961.0747,,2.4943544503994,265505,
357,2021-03-25,NHEBI.SL,966.7164,978.5873,955.6682,960.4871,,-0.061139888501898,241094,
358,2021-03-26,NHEBI.SL,957.9013,986.227,954.3753,982.5835,,2.300541048391,271789,
359,2021-03-29,NHEBI.SL,980.3503,997.6278,959.6643,964.7183,,-1.8181864442055,217575,
360,2021-03-30,NHEBI.SL,971.1827,989.6355,966.3638,988.8127,,2.4975580954565,176534,
361,2021-03-31,NHEBI.SL,987.2848,1005.2675,982.3484,1001.6239,,1.2956144272823,222795,
362,2021-04-01,NHEBI.SL,1001.6239,1051.9285,1001.6239,1051.1057,,4.9401576779468,333294,
363,2021-04-02,NHEBI.SL,1047.5503,1055.6366,1025.2601,1047.5289,,-0.34028927823339,316861,
364,2021-04-06,NHEBI.SL,1038.8203,1078.7544,1036.1354,1073.9766,,2.5247704383144,211926,
365,2021-04-07,NHEBI.SL,1077.2271,1084.302,1053.044,1060.6561,,-1.2402970418536,291671,
366,2021-04-08,NHEBI.SL,1061.7574,1066.85,1031.3051,1038.2224,,-2.1150776392084,335671,
367,2021-04-09,NHEBI.SL,1038.2224,1042.7216,1021.4415,1022.1711,,-1.5460367643773,312987,
368,2021-04-12,NHEBI.SL,1022.1711,1030.3184,1012.9295,1018.8879,,-0.32119867212056,280388,
369,2021-04-13,NHEBI.SL,1024.7247,1039.3168,998.4591,1027.2784,,0.82349589194258,380956,
370,2021-04-14,NHEBI.SL,1029.832,1055.4896,1026.3056,1055.4896,,2.7462078439496,317583,
371,2021-04-15,NHEBI.SL,1056.3408,1060.7184,1046.6128,1056.0976,,0.057603599315422,278359,
372,2021-04-16,NHEBI.SL,1055.4896,1069.8384,1047.2208,1057.6784,,0.14968313534658,324255,
373,2021-04-19,NHEBI.SL,1060.1104,1081.0256,1057.9216,1077.4992,,1.873991186735,385645,
374,2021-04-20,NHEBI.SL,1088.3216,1092.6993,1064.7312,1086.0112,,0.78997738466998,378594,
375,2021-04-21,NHEBI.SL,1093.9153,1095.7393,1065.8256,1086.2544,,0.022393875864274,390066,
376,2021-04-22,NHEBI.SL,1081.1472,1105.3457,1068.6224,1101.5761,,1.4105075201537,512710,
377,2021-04-23,NHEBI.SL,1108.9937,1116.8977,1087.2272,1114.9521,,1.2142601859281,423984,
378,2021-04-26,NHEBI.SL,1114.9521,1138.0561,1088.3216,1100.2385,,-1.3196620733752,479630,
379,2021-04-27,NHEBI.SL,1100.1169,1105.1025,1078.1072,1098.9009,,-0.12157364062427,383263,
380,2021-04-28,NHEBI.SL,1098.9009,1112.6417,1085.16,1096.8337,,-0.18811523404887,284099,
381,2021-04-29,NHEBI.SL,1096.5905,1124.3153,1092.5777,1101.9409,,0.46563120735624,342466,
382,2021-04-30,NHEBI.SL,1102.9137,1116.1681,1079.8096,1086.6192,,-1.3904284703472,312733,
383,2021-05-06,NHEBI.SL,1106.5617,1139.3937,1093.1857,1138.4209,,4.7672358449032,267487,
384,2021-05-07,NHEBI.SL,1140.8799,1187.4076,1133.1022,1186.9212,,4.2603135624091,394102,
385,2021-05-10,NHEBI.SL,1182.7608,1228.1379,1169.6812,1210.7706,,2.0093499046104,346163,
386,2021-05-11,NHEBI.SL,1210.3945,1210.8945,1176.3053,1193.622,,-1.4163376613208,291313,
387,2021-05-12,NHEBI.SL,1193.1292,1225.5481,1180.4697,1209.2902,,1.3126601218811,363926,
388,2021-05-13,NHEBI.SL,1206.9127,1243.4517,1168.6218,1185.8902,,-1.9350194022907,478693,
389,2021-05-14,NHEBI.SL,1184.2635,1191.8967,1157.4849,1179.0079,,-0.58034883836632,402349,
390,2021-05-17,NHEBI.SL,1192.0218,1223.6806,1188.7683,1205.0357,,2.2076018320149,366375,
391,2021-05-18,NHEBI.SL,1205.0357,1238.0709,1197.7779,1223.4303,,1.5264775973027,355382,
392,2021-05-19,NHEBI.SL,1220.1768,1229.1864,1183.0122,1200.656,,-1.8615118491017,355719,
393,2021-05-20,NHEBI.SL,1188.7683,1193.2731,1149.6015,1178.3822,,-1.8551358590637,396804,
394,2021-05-21,NHEBI.SL,1170.624,1175.8796,1136.2122,1136.2122,,-3.5786351830501,400011,
395,2021-05-24,NHEBI.SL,1141.2176,1148.7256,1124.7,1128.8294,,-0.64977299134791,413125,
396,2021-05-25,NHEBI.SL,1129.455,1153.4807,1126.3267,1144.3459,,1.3745655455111,328896,
397,2021-05-26,NHEBI.SL,1143.9705,1147.4743,1109.3085,1123.1984,,-1.8479989310924,334792,
398,2021-05-27,NHEBI.SL,1116.1909,1120.946,1065.5118,1068.2647,,-4.8908278359371,390631,
399,2021-05-28,NHEBI.SL,1067.3888,1109.3085,1055.7514,1063.5097,,-0.44511439908104,409720,
400,2021-05-31,NHEBI.SL,1063.6348,1095.2936,1063.6348,1093.5417,,2.8238576479368,312944,
401,2021-06-01,NHEBI.SL,1101.1749,1121.947,1091.915,1116.9417,,2.139836094042,318472,
402,2021-06-02,NHEBI.SL,1132.0265,1150.2057,1115.751,1116.1284,,-0.072814901619308,303988,
403,2021-06-03,NHEBI.SL,1119.9603,1153.5727,1118.3824,1134.7071,,1.6645665498701,311847,
404,2021-06-04,NHEBI.SL,1131.2597,1136.3529,1101.3031,1114.2367,,-1.8040250210825,305117,
405,2021-06-07,NHEBI.SL,1116.2811,1125.8188,1075.9438,1081.1929,,-2.9655996791346,333086,
406,2021-06-08,NHEBI.SL,1082.086,1084.5102,1047.2541,1075.7065,,-0.50743951426244,424946,
407,2021-06-09,NHEBI.SL,1072.5168,1075.1962,1051.5921,1066.9029,,-0.81840167369073,351582,
408,2021-06-10,NHEBI.SL,1066.9029,1069.0719,1037.3021,1042.0229,,-2.3319835385207,345923,
409,2021-06-11,NHEBI.SL,1044.7023,1064.6062,1038.578,1054.6543,,1.2121998470475,400784,
410,2021-06-15,NHEBI.SL,1061.5441,1072.3892,1026.457,1061.2889,,0.62907817281929,311005,
411,2021-06-16,NHEBI.SL,1063.3304,1076.3445,1057.0785,1069.8374,,0.80548284260769,301400,
412,2021-06-17,NHEBI.SL,1068.6891,1076.8548,1044.0644,1069.3271,,-0.047698837225163,399504,
413,2021-06-18,NHEBI.SL,1069.3271,1070.9857,1042.6609,1060.1406,,-0.85909166615155,386681,
414,2021-06-21,NHEBI.SL,1058.482,1065.3718,1035.0055,1039.0884,,-1.9857932051654,389242,
415,2021-06-22,NHEBI.SL,1038.9608,1089.7414,1036.7918,1088.9758,,4.8010737103792,415261,
416,2021-06-23,NHEBI.SL,1088.9758,1126.6147,1083.8723,1118.8318,,2.7416587218926,442793,
417,2021-06-24,NHEBI.SL,1122.787,1135.0356,1106.0728,1116.28,,-0.22807717835692,370069,
418,2021-06-25,NHEBI.SL,1116.28,1142.4358,1109.0074,1126.4871,,0.91438527967894,337428,
419,2021-06-28,NHEBI.SL,1132.9942,1147.9222,1117.811,1146.5187,,1.7782360756728,378726,
420,2021-06-29,NHEBI.SL,1145.7531,1146.7738,1123.5526,1136.6943,,-0.85688964340485,322877,
421,2021-06-30,NHEBI.SL,1148.3049,1176.3746,1147.9222,1163.8708,,2.3908363048886,445934,
422,2021-07-01,NHEBI.SL,1163.8708,1193.344,1163.6157,1192.3233,,2.444644199339,372263,
423,2021-07-02,NHEBI.SL,1215.466,1222.611,1190.1564,1207.129,,1.2417521321608,398482,
424,2021-07-05,NHEBI.SL,1209.2808,1222.0232,1188.6107,1198.3694,,-0.7256556672899,412347,
425,2021-07-06,NHEBI.SL,1199.9393,1211.5192,1168.2665,1170.2384,,-2.3474397794203,484164,
426,2021-07-07,NHEBI.SL,1167.3278,1168.0469,1145.5247,1167.0066,,-0.27616595045933,382632,
427,2021-07-08,NHEBI.SL,1161.6557,1171.0523,1146.9083,1165.9625,,-0.089468217232006,344719,
428,2021-07-09,NHEBI.SL,1173.532,1173.532,1152.2591,1168.0506,,0.1790880924558,327014,
429,2021-07-12,NHEBI.SL,1174.4455,1192.7167,1154.4778,1158.5235,,-0.81564103472915,429528,
430,2021-07-13,NHEBI.SL,1154.9998,1167.7896,1144.4286,1167.6591,,0.78855543284189,351699,
431,2021-07-14,NHEBI.SL,1167.5286,1197.6761,1150.171,1192.4557,,2.123616387694,480712,
432,2021-07-15,NHEBI.SL,1200.4167,1200.4167,1165.4405,1179.6659,,-1.072559760501,386735,
433,2021-07-16,NHEBI.SL,1179.6659,1194.8049,1169.0947,1182.9286,,0.27657830916364,401654,
434,2021-07-19,NHEBI.SL,1186.9744,1212.1625,1181.3625,1205.3761,,1.8976208707778,457608,
435,2021-07-20,NHEBI.SL,1187.6269,1187.6269,1139.5998,1148.0828,,-4.7531471712439,493102,
436,2021-07-21,NHEBI.SL,1141.9489,1172.4879,1140.6439,1162.8303,,1.2845327880533,350930,
437,2021-07-22,NHEBI.SL,1177.1862,1199.5032,1170.6608,1195.5879,,2.8170576566503,405499,
438,2021-07-23,NHEBI.SL,1199.2422,1219.732,1192.1947,1205.8981,,0.8623539933785,348478,
439,2021-07-26,NHEBI.SL,1205.8981,1225.4744,1198.3286,1201.1998,,-0.38961003421434,270095,
440,2021-07-27,NHEBI.SL,1204.593,1229.7811,1199.6337,1211.771,,0.88005342658231,288383,
441,2021-07-28,NHEBI.SL,1211.771,1213.0761,1190.2371,1207.2032,,-0.37695241097534,261987,
442,2021-07-29,NHEBI.SL,1204.7235,1214.2506,1187.6269,1190.3676,,-1.3945953754927,324935,
443,2021-07-30,NHEBI.SL,1190.3676,1200.5472,1163.3523,1170.0083,,-1.710337210119,358402,
444,2021-08-02,NHEBI.SL,1181.1015,1189.454,1148.9964,1153.5642,,-1.4054686620599,364721,
445,2021-08-03,NHEBI.SL,1145.8602,1152.4404,1117.5373,1119.2103,,-2.9780657201394,345541,
446,2021-08-04,NHEBI.SL,1113.9105,1149.0706,1112.3448,1143.361,,2.1578339656095,357248,
447,2021-08-05,NHEBI.SL,1137.075,1147.1358,1117.2257,1120.0288,,-2.0406678205746,317655,
448,2021-08-06,NHEBI.SL,1120.5991,1136.4461,1108.5136,1130.7666,,0.95870749037881,281135,
449,2021-08-09,NHEBI.SL,1133.0063,1138.5395,1103.8906,1114.4302,,-1.4447190074415,322685,
450,2021-08-10,NHEBI.SL,1105.0763,1136.0364,1105.0763,1131.5571,,1.5368302115287,320797,
451,2021-08-11,NHEBI.SL,1122.4667,1160.014,1119.8318,1152.768,,1.8744878185997,346803,
452,2021-08-12,NHEBI.SL,1147.2347,1172.5297,1143.1506,1151.714,,-0.091432100821682,355344,
453,2021-08-13,NHEBI.SL,1151.8458,1163.8346,1143.5459,1150.0014,,-0.14870011131234,279504,
454,2021-08-16,NHEBI.SL,1154.3489,1166.9964,1143.5459,1149.0791,,-0.080199902365352,304480,
455,2021-08-17,NHEBI.SL,1146.1808,1151.1871,1122.9936,1123.6524,,-2.2127893545362,336440,
456,2021-08-18,NHEBI.SL,1123.6524,1133.7967,1115.8794,1131.1618,,0.66830275982147,303733,
457,2021-08-19,NHEBI.SL,1135.6412,1137.3538,1091.2431,1094.8002,,-3.2145357100991,348817,
458,2021-08-20,NHEBI.SL,1092.5606,1111.2683,1087.159,1107.4477,,1.1552336216234,254278,
459,2021-08-23,NHEBI.SL,1097.5669,1138.2761,1089.5304,1133.138,,2.3197754620828,292298,
460,2021-08-24,NHEBI.SL,1133.138,1139.33,1125.4968,1130.8983,,-0.19765465459634,221618,
461,2021-08-25,NHEBI.SL,1137.6173,1142.8871,1113.9032,1116.0112,,-1.3163960013027,278376,
462,2021-08-26,NHEBI.SL,1122.4667,1123.1254,1100.07,1100.3335,,-1.4047977296285,268162,
463,2021-08-27,NHEBI.SL,1101.124,1139.5935,1101.124,1134.7189,,3.1249980119664,299897,
464,2021-08-30,NHEBI.SL,1140.1205,1156.0616,1131.2936,1143.6776,,0.78950830906226,281398,
465,2021-08-31,NHEBI.SL,1146.1808,1165.679,1139.857,1165.4155,,1.9007017362236,275604,
466,2021-09-01,NHEBI.SL,1165.9425,1170.5536,1146.8395,1162.1219,,-0.28261165223905,292091,
467,2021-09-02,NHEBI.SL,1163.3428,1174.8715,1154.068,1164.1295,,0.17275296162992,281097,
468,2021-09-03,NHEBI.SL,1167.4122,1182.9381,1157.8209,1168.3722,,0.3644525802327,329290,
469,2021-09-06,NHEBI.SL,1169.0065,1175.4092,1148.5731,1167.0213,,-0.11562240183393,330880,
470,2021-09-07,NHEBI.SL,1169.1432,1179.977,1156.1336,1165.6701,,-0.11578194845287,353977,
471,2021-09-08,NHEBI.SL,1160.1004,1235.0268,1158.1112,1222.4286,,4.8691735337468,524262,
472,2021-09-09,NHEBI.SL,1220.7046,1251.073,1205.1888,1205.1888,,-1.4102909568706,492245,
473,2021-09-10,NHEBI.SL,1217.3893,1219.3785,1195.9059,1208.7694,,0.29709867864686,377714,
474,2021-09-13,NHEBI.SL,1216.0631,1257.8363,1211.0238,1246.5642,,3.1267171389349,391035,
475,2021-09-14,NHEBI.SL,1242.3205,1266.4561,1242.3205,1255.8471,,0.74467885408549,398762,
476,2021-09-15,NHEBI.SL,1252.9296,1264.0691,1235.292,1258.7646,,0.23231331266362,350412,
477,2021-09-16,NHEBI.SL,1265.7931,1298.6812,1249.6143,1252.1339,,-0.52676250984496,493448,
478,2021-09-17,NHEBI.SL,1233.0376,1242.5858,1200.9452,1211.9521,,-3.2090657396945,405989,
479,2021-09-22,NHEBI.SL,1199.8843,1216.8588,1187.2861,1202.0061,,-0.82065949636128,259359,
480,2021-09-23,NHEBI.SL,1200.1495,1211.1564,1191.9275,1197.2321,,-0.39716936544666,400989,
481,2021-09-24,NHEBI.SL,1199.8843,1217.3893,1176.2792,1198.8234,,0.13291491265562,461176,
482,2021-09-27,NHEBI.SL,1189.2753,1239.8009,1182.512,1191.5297,,-0.60840487431259,489611,
483,2021-09-28,NHEBI.SL,1194.845,1248.0229,1189.9383,1241.9227,,4.2292693165768,455307,
484,2021-09-29,NHEBI.SL,1241.9227,1246.2989,1194.1819,1198.0277,,-3.5344389791732,354762,
485,2021-09-30,NHEBI.SL,1201.4757,1240.3313,1201.3431,1235.9551,,3.165819955582,262116,
486,2021-10-08,NHEBI.SL,1261.2842,1291.9179,1240.8618,1278.3913,,3.4334742419041,219087,
487,2021-10-11,NHEBI.SL,1280.4104,1341.6423,1267.5937,1330.3144,,4.0615967896527,354168,
488,2021-10-12,NHEBI.SL,1337.8491,1362.4909,1299.5173,1305.6975,,-1.850457305431,391816,
489,2021-10-13,NHEBI.SL,1304.0885,1317.3885,1242.99,1267.987,,-2.8881498203068,340291,
490,2021-10-14,NHEBI.SL,1253.1809,1282.426,1251.0585,1282.0023,,1.1053189031118,264335,
491,2021-10-15,NHEBI.SL,1281.7375,1308.6169,1276.3086,1302.2611,,1.5802467749083,342286,
492,2021-10-18,NHEBI.SL,1297.6268,1309.1465,1272.0715,1295.3758,,-0.52871885676382,300796,
493,2021-10-19,NHEBI.SL,1289.6821,1302.6584,1258.9628,1270.0853,,-1.9523677993676,327795,
494,2021-10-20,NHEBI.SL,1263.1999,1268.4964,1205.6012,1246.3837,,-1.8661423764215,359000,
495,2021-10-21,NHEBI.SL,1234.4668,1277.6327,1234.4668,1246.2513,,-0.010622731988567,279995,
496,2021-10-22,NHEBI.SL,1251.0181,1266.113,1208.2494,1230.7593,,-1.2430879711018,388047,
497,2021-10-25,NHEBI.SL,1235.6585,1289.9469,1235.6585,1282.5319,,4.2065576916624,371697,
498,2021-10-26,NHEBI.SL,1282.1347,1295.111,1243.3383,1247.1782,,-2.7565552170671,386175,
499,2021-10-27,NHEBI.SL,1248.6347,1252.7395,1194.3463,1198.9806,,-3.864531949003,390615,
500,2021-10-28,NHEBI.SL,1199.6427,1224.8008,1177.7949,1213.8107,,1.2368924067662,375149,
501,2021-10-29,NHEBI.SL,1215.532,1253.9312,1209.3087,1240.2928,,2.1817322915344,300260,
502,2021-11-01,NHEBI.SL,1228.9055,1263.862,1226.1249,1230.0972,,-0.82203170090159,295434,
503,2021-11-02,NHEBI.SL,1240.0815,1245.1025,1206.1091,1215.791,,-1.1630137846017,265284,
504,2021-11-03,NHEBI.SL,1213.1285,1233.6932,1185.8285,1231.482,,1.2906001113678,322489,
505,2021-11-04,NHEBI.SL,1222.71,1226.2554,1191.7504,1219.3471,,-0.98538996103881,286647,
506,2021-11-05,NHEBI.SL,1228.693,1237.997,1189.3522,1194.5526,,-2.0334242809123,261536,
507,2021-11-08,NHEBI.SL,1195.0905,1229.7814,1187.964,1226.2855,,2.6564673669456,257209,
508,2021-11-09,NHEBI.SL,1221.1759,1225.0753,1171.8287,1186.0816,,-3.2785105915384,386183,
509,2021-11-10,NHEBI.SL,1185.9471,1208.5366,1176.4004,1205.444,,1.6324677829923,269794,
510,2021-11-11,NHEBI.SL,1195.3594,1202.6203,1148.298,1165.2401,,-3.3351943350334,406657,
511,2021-11-12,NHEBI.SL,1157.7103,1176.1315,1154.7521,1163.0887,,-0.18463147637984,241171,
512,2021-11-15,NHEBI.SL,1149.7771,1162.9543,1129.339,1130.8181,,-2.7745605300782,301811,
513,2021-11-16,NHEBI.SL,1122.7504,1153.4075,1117.7753,1142.1128,,0.99880785424288,262586,
514,2021-11-17,NHEBI.SL,1152.8697,1152.8697,1103.9258,1108.7664,,-2.9197116081704,287745,
515,2021-11-18,NHEBI.SL,1109.3043,1118.1787,1086.4459,1088.3283,,-1.8433188451598,281424,
516,2021-11-19,NHEBI.SL,1094.2446,1136.1965,1082.1431,1121.5402,,3.0516435160236,342041,
517,2021-11-22,NHEBI.SL,1104.5981,1142.6506,1097.4717,1115.0861,,-0.57546755791722,384088,
518,2021-11-23,NHEBI.SL,1105.4049,1120.8679,1090.4797,1091.5554,,-2.1102137314778,301356,
519,2021-11-24,NHEBI.SL,1091.5554,1104.8671,1072.193,1099.892,,0.76373585802426,346149,
520,2021-11-25,NHEBI.SL,1103.9258,1103.9258,1076.8991,1079.185,,-1.8826393864125,274760,
521,2021-11-26,NHEBI.SL,1076.4958,1078.3782,1036.9642,1039.1156,,-3.7129315177657,315534,
522,2021-11-29,NHEBI.SL,1022.5768,1034.8128,1003.7523,1017.7362,,-2.0574611717888,360605,
523,2021-11-30,NHEBI.SL,1018.8119,1041.4014,1009.5341,1011.6855,,-0.59452537897345,338677,
524,2021-12-01,NHEBI.SL,1011.6855,1048.5278,1005.9037,1045.7042,,3.362576611012,332625,
525,2021-12-02,NHEBI.SL,1052.8046,1061.7539,1035.355,1037.3177,,-0.80199544001065,327582,
526,2021-12-03,NHEBI.SL,1034.0854,1073.5714,1029.2488,1073.4908,,3.4871765901613,367075,
527,2021-12-06,NHEBI.SL,1073.2149,1086.3684,1056.074,1058.3075,,-1.4143856659042,311753,
528,2021-12-07,NHEBI.SL,1062.995,1088.7592,1059.5208,1084.3131,,2.457282028144,290763,
529,2021-12-08,NHEBI.SL,1093.0739,1093.0739,1072.9915,1085.1218,,0.074581779008279,244877,
530,2021-12-09,NHEBI.SL,1084.987,1090.1087,1053.4482,1059.109,,-2.3972239798334,304129,
531,2021-12-10,NHEBI.SL,1051.2917,1095.7695,1051.2917,1084.987,,2.4433745724,355971,
532,2021-12-13,NHEBI.SL,1091.726,1101.8346,1080.9436,1097.2521,,1.1304375075462,309007,
533,2021-12-14,NHEBI.SL,1091.726,1113.291,1085.5261,1113.0214,,1.4371628908252,284607,
534,2021-12-15,NHEBI.SL,1115.7171,1115.7171,1096.3086,1103.1824,,-0.88399019102419,226344,
535,2021-12-16,NHEBI.SL,1098.4651,1110.0563,1084.7174,1100.0825,,-0.28099614352078,302564,
536,2021-12-17,NHEBI.SL,1102.5085,1110.8649,1074.7436,1081.887,,-1.6540123127129,397970,
537,2021-12-20,NHEBI.SL,1078.2479,1078.2479,1052.37,1064.3655,,-1.6195314298073,340540,
538,2021-12-21,NHEBI.SL,1058.0308,1062.6134,1041.9919,1050.6178,,-1.2916333721828,270795,
539,2021-12-22,NHEBI.SL,1050.6178,1055.47,1037.9484,1041.8571,,-0.83386175258025,257305,
540,2021-12-23,NHEBI.SL,1041.7223,1076.361,1038.7571,1075.4175,,3.221209511362,271344,
541,2021-12-24,NHEBI.SL,1084.987,1127.3082,1081.0783,1116.391,,3.810008671051,458660,
542,2021-12-27,NHEBI.SL,1113.9649,1124.0735,1095.3651,1096.5782,,-1.7747187141423,252223,
543,2021-12-28,NHEBI.SL,1103.3172,1125.4213,1098.1955,1119.2214,,2.0648960557487,267389,
544,2021-12-29,NHEBI.SL,1125.4213,1130.1386,1108.0345,1125.4213,,0.553947592496,224234,
545,2021-12-30,NHEBI.SL,1126.7691,1151.434,1120.0301,1144.4254,,1.688620963545,290420,
546,2021-12-31,NHEBI.SL,1144.4254,1161.273,1139.9776,1152.6471,,0.71841292582285,276301,
547,2022-01-04,NHEBI.SL,1152.3775,1197.3943,1150.221,1159.9252,,0.63142483072226,210233,
548,2022-01-05,NHEBI.SL,1161.3261,1166.2861,1132.7563,1137.1497,,-1.96353178636,274351,
549,2022-01-06,NHEBI.SL,1141.0824,1147.98,1128.7978,1136.9066,,-0.021378012059442,230648,
550,2022-01-07,NHEBI.SL,1143.4268,1176.5933,1134.2133,1165.0956,,2.4794473002444,307567,
551,2022-01-10,NHEBI.SL,1162.3767,1163.5618,1121.6051,1125.3195,,-3.4139773594545,305002,
552,2022-01-11,NHEBI.SL,1126.6643,1145.8948,1124.6471,1143.2052,,1.5893886136337,206474,
553,2022-01-12,NHEBI.SL,1147.7775,1176.1526,1143.4742,1162.5702,,1.6939216161718,312291,
554,2022-01-13,NHEBI.SL,1169.9665,1170.6389,1145.7603,1148.3154,,-1.2261453114831,290986,
555,2022-01-14,NHEBI.SL,1150.6016,1180.4559,1138.364,1176.6905,,2.4710197215852,337420,
556,2022-01-17,NHEBI.SL,1180.3214,1185.2971,1164.9908,1178.7077,,0.17142995545558,244180,
557,2022-01-18,NHEBI.SL,1174.8078,1174.8078,1143.3397,1161.6288,,-1.4489512539877,357010,
558,2022-01-19,NHEBI.SL,1157.8634,1196.7278,1157.8634,1169.8321,,0.70618944709361,366389,
559,2022-01-20,NHEBI.SL,1169.9665,1171.9837,1151.1395,1161.3599,,-0.72422358729942,318100,
560,2022-01-21,NHEBI.SL,1154.5015,1159.8806,1128.0091,1128.1436,,-2.8601211390199,340705,
561,2022-01-24,NHEBI.SL,1132.3124,1150.6016,1130.6987,1141.726,,1.2039602050661,283500,
562,2022-01-25,NHEBI.SL,1142.1294,1171.3113,1136.4813,1155.9807,,1.2485219746244,352672,
563,2022-01-26,NHEBI.SL,1151.1395,1206.2758,1151.1395,1200.2243,,3.8273649378402,365865,
564,2022-01-27,NHEBI.SL,1205.3345,1226.8511,1201.0312,1219.5893,,1.6134484195996,289924,
565,2022-01-28,NHEBI.SL,1223.7581,1248.2333,1215.4204,1222.8167,,0.26463006849929,288608,
566,2022-02-07,NHEBI.SL,1264.9086,1290.9976,1244.8713,1249.1746,,2.1555070355189,220939,
567,2022-02-08,NHEBI.SL,1247.7219,1257.0816,1233.9522,1249.6049,,0.034446745875235,232391,
568,2022-02-09,NHEBI.SL,1235.2445,1235.7285,1201.7893,1213.3802,,-2.8988922818725,230914,
569,2022-02-10,NHEBI.SL,1212.0089,1222.9267,1201.3864,1209.5076,,-0.31915800175412,199440,
570,2022-02-11,NHEBI.SL,1219.8259,1229.879,1204.5624,1213.0009,,0.28882001237529,349038,
571,2022-02-14,NHEBI.SL,1221.5943,1256.6389,1216.3577,1223.7426,,0.88554757049233,356028,
572,2022-02-15,NHEBI.SL,1228.5763,1235.9612,1211.1212,1228.8449,,0.41694225566717,251394,
573,2022-02-16,NHEBI.SL,1208.4357,1214.7465,1192.3233,1203.602,,-2.0541974011529,269026,
574,2022-02-17,NHEBI.SL,1213.4038,1214.0751,1173.1226,1182.9243,,-1.7179848488122,257813,
575,2022-02-18,NHEBI.SL,1182.9243,1201.7222,1182.9243,1198.3654,,1.3053328940829,199439,
576,2022-02-21,NHEBI.SL,1188.2951,1213.0009,1184.267,1210.4498,,1.0084069516693,236341,
577,2022-02-22,NHEBI.SL,1212.4639,1235.2899,1206.556,1228.5763,,1.4975011768352,275403,
578,2022-02-23,NHEBI.SL,1235.2899,1238.6466,1220.3858,1231.1275,,0.20765499057731,231108,
579,2022-02-24,NHEBI.SL,1233.6786,1280.2705,1227.2336,1258.3844,,2.2139786496524,335033,
580,2022-02-25,NHEBI.SL,1262.144,1284.97,1233.2758,1243.8832,,-1.1523664787961,253707,
581,2022-02-28,NHEBI.SL,1232.6045,1263.2182,1231.1275,1244.6888,,0.0647649232661,211827,
582,2022-03-01,NHEBI.SL,1244.6888,1249.6568,1215.1493,1235.2899,,-0.75512047670068,246808,
583,2022-03-02,NHEBI.SL,1245.9432,1282.153,1242.011,1280.9167,,3.6936107062804,250811,
584,2022-03-03,NHEBI.SL,1284.545,1333.895,1277.5507,1324.9837,,3.4402705499897,290255,
585,2022-03-04,NHEBI.SL,1322.7292,1330.349,1295.9393,1309.4411,,-1.17304084571,253976,
586,2022-03-07,NHEBI.SL,1318.7082,1389.6014,1312.7445,1371.2249,,4.7183336463167,340646,
587,2022-03-08,NHEBI.SL,1357.7962,1402.0161,1335.9575,1398.4894,,1.9883317463094,317206,
588,2022-03-09,NHEBI.SL,1403.9151,1424.1261,1375.9725,1416.1231,,1.2609105224537,289085,
589,2022-03-10,NHEBI.SL,1370.818,1385.4675,1323.2069,1351.9635,,-4.5306513254391,319378,
590,2022-03-11,NHEBI.SL,1368.1051,1373.8022,1325.2416,1341.2476,,-0.79261755217505,216963,
591,2022-03-14,NHEBI.SL,1335.008,1339.4842,1302.3178,1304.3524,,-2.7508120051808,177068,
592,2022-03-15,NHEBI.SL,1300.5544,1319.5446,1289.296,1290.2455,,-1.0815252074516,239162,
593,2022-03-16,NHEBI.SL,1274.7821,1290.6524,1261.7602,1285.9049,,-0.33641659668644,264017,
594,2022-03-17,NHEBI.SL,1302.1821,1304.895,1272.0692,1288.0752,,0.16877608911825,240747,
595,2022-03-18,NHEBI.SL,1302.3178,1317.7812,1292.8227,1315.204,,2.1061503241426,255970,
596,2022-03-21,NHEBI.SL,1300.4188,1311.5416,1287.3969,1299.7405,,-1.1757491613468,255941,
597,2022-03-22,NHEBI.SL,1303.9455,1324.699,1299.4693,1308.8287,,0.69923188513399,198336,
598,2022-03-23,NHEBI.SL,1302.1821,1332.9733,1302.1821,1324.9703,,1.2332859143446,217771,
599,2022-03-24,NHEBI.SL,1337.1783,1362.5437,1336.2288,1340.2981,,1.1568410250403,194734,
600,2022-03-25,NHEBI.SL,1340.2981,1358.7457,1339.7555,1353.3199,,0.97155998355888,168747,
601,2022-03-28,NHEBI.SL,1338.5347,1354.1338,1333.3802,1340.705,,-0.93214472054982,213838,
602,2022-03-29,NHEBI.SL,1336.6357,1344.5031,1318.7307,1338.5347,,-0.16187751966316,187003,
603,2022-03-30,NHEBI.SL,1322.5287,1344.2318,1316.1535,1339.6199,,0.081073729354942,208173,
604,2022-03-31,NHEBI.SL,1340.1624,1345.5882,1306.2515,1312.2198,,-2.0453637632585,212108,
605,2022-04-01,NHEBI.SL,1303.5386,1335.4149,1303.5386,1319.2733,,0.53752427756386,194528,
606,2022-04-06,NHEBI.SL,1325.6733,1355.5472,1311.4802,1350.5526,,2.3709492187858,204087,
607,2022-04-07,NHEBI.SL,1354.9024,1372.8913,1341.5251,1349.7347,,-0.060560395796506,243444,
608,2022-04-08,NHEBI.SL,1350.3896,1359.8028,1333.7628,1359.8028,,0.74593177459244,229090,
609,2022-04-11,NHEBI.SL,1365.0444,1367.8186,1320.0917,1324.6436,,-2.5856102075977,252701,
610,2022-04-12,NHEBI.SL,1322.597,1342.2436,1313.4559,1341.9708,,1.3080650523658,187513,
611,2022-04-13,NHEBI.SL,1350.4297,1350.4297,1317.0032,1317.8218,,-1.7995175453892,200928,
612,2022-04-14,NHEBI.SL,1326.8265,1340.0607,1321.9149,1324.6436,,0.51765724318722,202495,
613,2022-04-15,NHEBI.SL,1326.0079,1326.0079,1293.4,1298.721,,-1.9569490238733,299142,
614,2022-04-18,NHEBI.SL,1290.6713,1321.7784,1290.6713,1317.8218,,1.470739288885,215330,
615,2022-04-19,NHEBI.SL,1312.6373,1317.8218,1301.3132,1302.4047,,-1.1698926212937,227599,
616,2022-04-20,NHEBI.SL,1294.7644,1327.5087,1293.4,1325.1893,,1.7494255049909,285242,
617,2022-04-21,NHEBI.SL,1327.5087,1348.2467,1327.5087,1331.056,,0.44270656275296,391217,
618,2022-04-22,NHEBI.SL,1332.2839,1344.9723,1329.4188,1332.2839,,0.092250063107778,217870,
619,2022-04-25,NHEBI.SL,1330.9196,1337.0591,1279.2108,1284.2589,,-3.6047121788381,305549,
620,2022-04-26,NHEBI.SL,1282.4853,1307.4528,1273.4806,1292.1721,,0.61616859341991,210923,
621,2022-04-27,NHEBI.SL,1292.1721,1329.9645,1292.1721,1327.2358,,2.7135472124804,255205,
622,2022-04-28,NHEBI.SL,1326.4172,1326.4172,1306.3613,1314.0017,,-0.99711746774762,201321,
623,2022-04-29,NHEBI.SL,1314.0017,1353.4313,1314.0017,1351.2483,,2.8345929841643,237348,
624,2022-05-05,NHEBI.SL,1357.6607,1367.0747,1346.8824,1362.5724,,0.8380473078116,146795,
625,2022-05-06,NHEBI.SL,1366.9166,1390.864,1361.2609,1378.7111,,1.1844288053978,272652,
626,2022-05-09,NHEBI.SL,1377.7279,1381.9617,1360.2242,1365.0576,,-0.99030899221743,260811,
627,2022-05-10,NHEBI.SL,1357.2427,1357.2427,1317.3135,1319.4451,,-3.3414340904003,328249,
628,2022-05-11,NHEBI.SL,1326.2036,1349.7163,1314.1124,1347.4195,,2.1201639992448,240083,
629,2022-05-12,NHEBI.SL,1353.4671,1371.821,1336.9154,1370.2345,,1.6932365903863,308722,
630,2022-05-13,NHEBI.SL,1371.0554,1388.5699,1363.1192,1383.9176,,0.99859549588045,275325,
631,2022-05-16,NHEBI.SL,1390.6224,1398.4218,1365.5822,1370.2345,,-0.98872216091478,219011,
632,2022-05-17,NHEBI.SL,1373.7921,1389.5277,1368.5925,1382.6862,,0.90872766668771,186617,
633,2022-05-18,NHEBI.SL,1374.0657,1395.4115,1371.3291,1381.0442,,-0.11875434932381,263095,
634,2022-05-19,NHEBI.SL,1382.002,1386.107,1363.9402,1381.0442,,0.0,242723,
635,2022-05-20,NHEBI.SL,1368.3188,1387.8858,1352.72,1370.2345,,-0.78271933657156,320776,
636,2022-05-23,NHEBI.SL,1375.5709,1385.286,1361.8877,1365.3085,,-0.3595005088545,291425,
637,2022-05-24,NHEBI.SL,1370.3713,1375.1604,1350.5307,1352.8568,,-0.91200633409959,283707,
638,2022-05-25,NHEBI.SL,1358.6037,1384.1913,1355.7303,1369.5503,,1.2339443465118,311332,
639,2022-05-26,NHEBI.SL,1372.8343,1409.0947,1368.8661,1408.821,,2.867415676518,299676,
640,2022-05-27,NHEBI.SL,1413.8838,1429.8932,1408.5474,1419.2203,,0.73815623134522,254876,
641,2022-05-30,NHEBI.SL,1409.3684,1435.0928,1409.3684,1416.8941,,-0.16390690014792,238067,
642,2022-05-31,NHEBI.SL,1420.3149,1446.8603,1413.4733,1442.6185,,1.8155485297031,268337,
643,2022-06-01,NHEBI.SL,1443.1658,1451.7863,1420.1781,1435.9138,,-0.46475904752365,289436,
644,2022-06-02,NHEBI.SL,1439.0357,1446.8793,1425.1422,1445.7277,,0.68346024670839,237887,
645,2022-06-06,NHEBI.SL,1466.3481,1509.4578,1458.301,1506.6578,,4.2144935038597,263540,
646,2022-06-07,NHEBI.SL,1508.0382,1509.1338,1485.1877,1496.7399,,-0.65827157301412,244410,
647,2022-06-08,NHEBI.SL,1496.0003,1547.3381,1485.1793,1541.1964,,2.970222147482,376109,
648,2022-06-09,NHEBI.SL,1550.4317,1574.5538,1534.9935,1538.4396,,-0.17887402280463,426981,
649,2022-06-10,NHEBI.SL,1542.4369,1569.3159,1537.199,1559.667,,1.3798006759576,433536,
650,2022-06-13,NHEBI.SL,1554.8426,1558.84,1503.8416,1508.666,,-3.2699928895078,435153,
651,2022-06-14,NHEBI.SL,1506.5984,1515.558,1494.4684,1505.4956,,-0.21014591698891,356768,
652,2022-06-15,NHEBI.SL,1510.4579,1523.0014,1485.7844,1488.8169,,-1.1078544500562,346555,
653,2022-06-16,NHEBI.SL,1488.6791,1499.5685,1474.895,1475.0329,,-0.92583580962844,308288,
654,2022-06-17,NHEBI.SL,1474.895,1474.895,1435.7483,1446.4998,,-1.934404310575,454583,
655,2022-06-20,NHEBI.SL,1441.1241,1453.8054,1413.5559,1415.7614,,-2.1250193052222,426545,
656,2022-06-21,NHEBI.SL,1414.6587,1441.1241,1409.6964,1424.3075,,0.60363985061323,327038,
657,2022-06-22,NHEBI.SL,1430.786,1433.6807,1399.0827,1401.1503,,-1.6258567760122,335716,
658,2022-06-23,NHEBI.SL,1392.1906,1422.3777,1386.677,1397.015,,-0.29513607498067,336912,
659,2022-06-24,NHEBI.SL,1410.6613,1414.1073,1351.9412,1356.3521,,-2.9106988829755,448200,
660,2022-06-27,NHEBI.SL,1372.8929,1402.9422,1349.0465,1386.1256,,2.1951158552414,379582,
661,2022-06-28,NHEBI.SL,1386.1256,1409.0072,1383.9202,1401.7016,,1.1237076928671,236011,
662,2022-06-29,NHEBI.SL,1401.7016,1407.6288,1366.5523,1373.1686,,-2.0355973054465,291101,
663,2022-06-30,NHEBI.SL,1396.0502,1396.0502,1364.8982,1385.9878,,0.93354887375084,252001,
664,2022-07-01,NHEBI.SL,1385.9878,1398.3935,1356.3521,1356.3521,,-2.1382367146378,294577,
665,2022-07-04,NHEBI.SL,1366.6318,1396.8868,1350.7021,1389.9481,,2.4769379573342,277889,
666,2022-07-05,NHEBI.SL,1392.4289,1405.4449,1374.0603,1375.9482,,-1.0072246582444,246145,
667,2022-07-06,NHEBI.SL,1371.1372,1371.3026,1290.3241,1330.0372,,-3.3366808430724,483257,
668,2022-07-07,NHEBI.SL,1324.0448,1337.8018,1287.4046,1291.2411,,-2.9169184140113,317326,
669,2022-07-08,NHEBI.SL,1298.7188,1329.3349,1298.7188,1314.9439,,1.8356602806401,293931,
670,2022-07-11,NHEBI.SL,1312.2633,1324.8201,1294.4861,1313.2509,,-0.12875073986046,324037,
671,2022-07-12,NHEBI.SL,1305.0677,1310.4291,1255.6868,1261.0482,,-3.9750743745921,399734,
672,2022-07-13,NHEBI.SL,1252.865,1267.256,1235.7933,1258.5086,,-0.20138801990281,308390,
673,2022-07-14,NHEBI.SL,1251.4541,1251.4541,1201.9321,1203.6252,,-4.3609872828839,401070,
674,2022-07-15,NHEBI.SL,1185.1426,1214.0657,1178.6525,1185.1426,,-1.5355776864758,376225,
675,2022-07-18,NHEBI.SL,1203.343,1273.7461,1187.9644,1271.0654,,7.2499967514458,420877,
676,2022-07-19,NHEBI.SL,1273.1818,1284.0456,1237.3453,1248.6324,,-1.7648973845091,358092,
677,2022-07-20,NHEBI.SL,1236.781,1260.6249,1225.0706,1242.5656,,-0.48587558676197,328362,
678,2022-07-21,NHEBI.SL,1244.5408,1248.6324,1207.4346,1209.8331,,-2.6342673577958,300605,
679,2022-07-22,NHEBI.SL,1185.1426,1212.6548,1179.4991,1200.3801,,-0.78134744370938,342895,
680,2022-07-25,NHEBI.SL,1192.9025,1219.0038,1150.5759,1150.717,,-4.137281182852,448479,
681,2022-07-26,NHEBI.SL,1165.108,1234.2414,1156.3606,1228.3157,,6.7435086124564,391975,
682,2022-07-27,NHEBI.SL,1227.4691,1231.9839,1203.4841,1219.286,,-0.73512859926809,271072,
683,2022-07-28,NHEBI.SL,1222.8132,1269.3724,1222.2488,1268.5258,,4.0384126447773,339832,
684,2022-07-29,NHEBI.SL,1269.7956,1273.4639,1223.8008,1231.4196,,-2.9251435012201,319593,
685,2022-08-01,NHEBI.SL,1241.578,1276.8501,1237.3453,1249.9022,,1.5009181273386,375986,
686,2022-08-02,NHEBI.SL,1233.4763,1236.411,1201.8886,1219.6404,,-2.4211334294795,347525,
687,2022-08-03,NHEBI.SL,1219.1244,1244.0259,1218.3623,1223.7782,,0.33926393386116,306249,
688,2022-08-04,NHEBI.SL,1238.1566,1245.6118,1186.4765,1190.9804,,-2.680044472111,320193,
689,2022-08-05,NHEBI.SL,1194.0185,1196.4962,1163.7455,1171.4059,,-1.6435618923703,316418,
690,2022-08-08,NHEBI.SL,1167.5361,1188.4618,1145.3206,1185.7386,,1.2235468508397,366339,
691,2022-08-09,NHEBI.SL,1167.9661,1205.8043,1166.1029,1197.6347,,1.0032649691931,288818,
692,2022-08-10,NHEBI.SL,1206.2342,1212.5406,1173.8425,1180.0055,,-1.4720014375001,285274,
693,2022-08-11,NHEBI.SL,1187.8885,1203.6544,1178.1423,1196.3447,,1.3846715121243,255449,
694,2022-08-12,NHEBI.SL,1203.941,1208.3841,1186.7419,1195.7714,,-0.04792097127191,259763,
695,2022-08-15,NHEBI.SL,1190.4683,1202.6511,1164.2396,1168.9694,,-2.2413983140925,377536,
696,2022-08-16,NHEBI.SL,1144.6039,1154.6368,1116.082,1120.9551,,-4.1074043512174,398879,
697,2022-08-17,NHEBI.SL,1132.2779,1133.5678,1103.6126,1105.0459,,-1.4192539915292,346010,
698,2022-08-18,NHEBI.SL,1096.0163,1110.0623,1073.5141,1074.9473,,-2.723742063565,392346,
699,2022-08-19,NHEBI.SL,1086.7001,1119.5218,1082.9736,1115.9387,,3.8133404307355,555726,
700,2022-08-22,NHEBI.SL,1120.8118,1165.9595,1112.3555,1156.5,,3.6347247389126,456735,
701,2022-08-23,NHEBI.SL,1161.2298,1164.6696,1130.7013,1155.0667,,-0.12393428447902,379173,
702,2022-08-24,NHEBI.SL,1164.2396,1191.7583,1162.0897,1185.3086,,2.6181951224115,446449,
703,2022-08-25,NHEBI.SL,1178.5723,1183.8753,1159.2232,1175.8491,,-0.79806220928458,399207,
704,2022-08-26,NHEBI.SL,1163.953,1198.9246,1163.953,1174.2725,,-0.1340818307383,394718,
705,2022-08-29,NHEBI.SL,1168.1094,1192.4749,1163.093,1191.185,,1.4402534335088,336548,
706,2022-08-30,NHEBI.SL,1194.6248,1228.5931,1192.1883,1221.8568,,2.5748981056679,438126,
707,2022-08-31,NHEBI.SL,1216.2671,1237.9094,1211.9673,1227.7332,,0.48094015599863,382536,
708,2022-09-01,NHEBI.SL,1216.8404,1243.3558,1215.4071,1242.0658,,1.1674034716989,383143,
709,2022-09-02,NHEBI.SL,1237.248,1251.4262,1209.9548,1227.1262,,-1.202802621246,564777,
710,2022-09-05,NHEBI.SL,1226.8113,1260.9158,1220.5495,1257.4489,,2.4710335416194,460129,
711,2022-09-06,NHEBI.SL,1257.6779,1266.1701,1236.6526,1257.5444,,0.0075947420209204,364094,
712,2022-09-07,NHEBI.SL,1251.3022,1276.0102,1237.6989,1243.6184,,-1.1073962875585,577839,
713,2022-09-08,NHEBI.SL,1251.2024,1267.1138,1232.1681,1260.4221,,1.3511942248522,447931,
714,2022-09-09,NHEBI.SL,1256.5557,1288.9734,1253.5816,1288.9734,,2.2652173426664,398087,
715,2022-09-13,NHEBI.SL,1304.1413,1334.3284,1295.5164,1304.4387,,1.1998152948695,335497,
716,2022-09-14,NHEBI.SL,1293.7319,1313.361,1277.2257,1294.0294,,-0.79799073731867,415482,
717,2022-09-15,NHEBI.SL,1296.706,1300.5724,1265.6267,1270.2366,,-1.8386599253464,381424,
718,2022-09-16,NHEBI.SL,1269.1956,1283.7687,1253.2842,1276.0361,,0.45656848495785,443904,
719,2022-09-19,NHEBI.SL,1274.549,1297.3009,1272.021,1279.3076,,0.25637989395442,428150,
720,2022-09-20,NHEBI.SL,1268.1547,1352.4703,1268.1547,1296.4086,,1.3367387170998,546274,
721,2022-09-21,NHEBI.SL,1301.1672,1316.0377,1275.2925,1316.0377,,1.5141136829854,473686,
722,2022-09-22,NHEBI.SL,1316.0377,1323.4729,1294.6242,1304.5874,,-0.87005866169337,441513,
723,2022-09-23,NHEBI.SL,1321.2423,1327.9341,1301.3159,1306.9667,,0.18237950174899,506780,
724,2022-09-26,NHEBI.SL,1300.1262,1309.9408,1263.6936,1265.3293,,-3.1858041983778,520987,
725,2022-09-27,NHEBI.SL,1275.8874,1285.9993,1249.864,1265.1806,,-0.011751881506276,453614,
726,2022-09-28,NHEBI.SL,1265.3293,1276.3335,1244.0645,1253.5816,,-0.91678610942975,355971,
727,2022-09-29,NHEBI.SL,1260.5708,1285.5532,1252.8381,1274.6977,,1.6844615460214,328144,
728,2022-09-30,NHEBI.SL,1266.9651,1273.6568,1254.7713,1272.9133,,-0.13998613161379,278782,
729,2022-10-10,NHEBI.SL,1310.833,1330.6107,1300.5724,1315.2941,,3.3294333557517,278173,
730,2022-10-11,NHEBI.SL,1314.063,1316.9338,1262.7489,1265.9116,,-3.7544835029671,373613,
731,2022-10-12,NHEBI.SL,1259.7179,1275.7213,1239.4186,1250.2829,,-1.2345806768814,359093,
732,2022-10-13,NHEBI.SL,1247.2941,1254.4438,1225.3794,1229.3514,,-1.6741411083843,415867,
733,2022-10-14,NHEBI.SL,1225.6643,1248.7144,1221.4335,1242.9601,,1.1069821045472,313316,
734,2022-10-17,NHEBI.SL,1231.927,1253.2375,1223.7656,1240.8442,,-0.17023072582941,411775,
735,2022-10-18,NHEBI.SL,1244.6226,1255.6557,1221.0451,1234.4964,,-0.51157107395111,407381,
736,2022-10-19,NHEBI.SL,1233.1361,1236.9146,1193.2357,1204.571,,-2.4240977940478,435836,
737,2022-10-20,NHEBI.SL,1210.3143,1239.0305,1207.2915,1236.0078,,2.6097921998786,495022,
738,2022-10-21,NHEBI.SL,1233.2873,1245.3783,1227.544,1234.4964,,-0.12228078172323,366832,
739,2022-10-24,NHEBI.SL,1231.7759,1259.7364,1229.66,1236.31,,0.14691010844584,401987,
740,2022-10-25,NHEBI.SL,1228.7531,1240.693,1217.2666,1221.6496,,-1.1858190906811,418508,
741,2022-10-26,NHEBI.SL,1219.3826,1228.1486,1192.0266,1192.7822,,-2.3629852618951,426818,
742,2022-10-27,NHEBI.SL,1206.3847,1206.3847,1169.8092,1172.832,,-1.672576938187,425134,
743,2022-10-28,NHEBI.SL,1174.3434,1192.1777,1168.7513,1187.1901,,1.224224782407,397848,
744,2022-10-31,NHEBI.SL,1190.9686,1190.9686,1145.6271,1155.1488,,-2.6989190694902,404125,
745,2022-11-01,NHEBI.SL,1154.0909,1195.805,1148.3476,1183.8651,,2.4859394737717,437016,
746,2022-11-02,NHEBI.SL,1187.1115,1189.8626,1161.3316,1175.075,,-0.74249169098742,437115,
747,2022-11-03,NHEBI.SL,1173.0661,1179.348,1157.0912,1163.8927,,-0.95162436440227,378482,
748,2022-11-04,NHEBI.SL,1160.148,1197.9751,1144.3526,1195.2143,,2.6911071785226,512690,
749,2022-11-07,NHEBI.SL,1210.8141,1213.0512,1169.3565,1184.6112,,-0.88712961349275,356239,
750,2022-11-08,NHEBI.SL,1185.6923,1194.6503,1166.8497,1177.6611,,-0.58669882574131,317259,
751,2022-11-09,NHEBI.SL,1177.6611,1190.4802,1172.2554,1178.7422,,0.091800603756028,331688,
752,2022-11-10,NHEBI.SL,1173.491,1185.8468,1161.753,1176.5799,,-0.18344129869958,377226,
753,2022-11-11,NHEBI.SL,1175.1899,1233.1077,1175.1899,1225.6942,,4.1743276423471,587080,
754,2022-11-14,NHEBI.SL,1235.5788,1243.3012,1226.6209,1235.2699,,0.78124706798809,335459,
755,2022-11-15,NHEBI.SL,1234.0343,1252.568,1228.0109,1238.05,,0.22506012653591,404359,
756,2022-11-16,NHEBI.SL,1237.7411,1245.0001,1229.4009,1242.6834,,0.37424982835911,279332,
757,2022-11-17,NHEBI.SL,1236.3511,1261.8349,1234.8066,1252.4136,,0.78299911304844,487114,
758,2022-11-18,NHEBI.SL,1251.6413,1273.1095,1248.5524,1261.3715,,0.71525093627216,412987,
759,2022-11-21,NHEBI.SL,1257.047,1268.3217,1231.0998,1241.9112,,-1.5427889404509,483972,
760,2022-11-22,NHEBI.SL,1243.919,1251.7958,1224.3042,1226.1575,,-1.2685045436421,412243,
761,2022-11-23,NHEBI.SL,1234.4977,1240.2122,1223.9953,1227.3931,,0.10077008867131,294412,
762,2022-11-24,NHEBI.SL,1217.0451,1236.5055,1203.4538,1228.0109,,0.050334322394348,451498,
763,2022-11-25,NHEBI.SL,1228.7831,1228.9376,1191.7158,1200.5193,,-2.23870977041,436142,
764,2022-11-28,NHEBI.SL,1205.1527,1211.0217,1169.3209,1175.3443,,-2.0970091859414,384662,
765,2022-11-29,NHEBI.SL,1175.3443,1196.0403,1166.0775,1185.229,,0.84100463157902,290323,
766,2022-11-30,NHEBI.SL,1182.4489,1192.1791,1169.6298,1187.8546,,0.22152681043071,314575,
767,2022-12-01,NHEBI.SL,1198.2026,1230.0187,1194.6503,1222.7597,,2.9384993752603,399577,
768,2022-12-02,NHEBI.SL,1225.5734,1257.9286,1220.2561,1251.8419,,2.3784068120662,445424,
769,2022-12-05,NHEBI.SL,1252.2145,1264.7772,1240.5802,1252.8355,,0.079371045177511,334835,
770,2022-12-06,NHEBI.SL,1257.5737,1262.3118,1237.2284,1247.1677,,-0.45239778087386,289190,
771,2022-12-07,NHEBI.SL,1243.5431,1249.2442,1210.6254,1217.91,,-2.3459315054423,404639,
772,2022-12-08,NHEBI.SL,1210.3126,1232.6396,1210.3126,1231.0891,,1.082107873324,323854,
773,2022-12-09,NHEBI.SL,1232.7947,1270.9367,1232.7947,1263.6494,,2.6448369983944,503177,
774,2022-12-12,NHEBI.SL,1260.5484,1283.3406,1255.7419,1258.3777,,-0.41718058822328,381758,
775,2022-12-13,NHEBI.SL,1258.0676,1271.4019,1249.2299,1265.665,,0.57910276064173,291418,
776,2022-12-14,NHEBI.SL,1258.6878,1279.1543,1257.6025,1276.6735,,0.8697799180668,298661,
777,2022-12-15,NHEBI.SL,1279.1543,1289.6976,1266.9054,1278.8442,,0.1700278105561,327552,
778,2022-12-16,NHEBI.SL,1281.0149,1295.8996,1265.1999,1276.2084,,-0.20610798406874,400979,
779,2022-12-19,NHEBI.SL,1266.7504,1274.968,1248.1445,1252.796,,-1.8345279658087,359086,
780,2022-12-20,NHEBI.SL,1253.1061,1265.8201,1244.7334,1256.6722,,0.30940392529988,361415,
781,2022-12-21,NHEBI.SL,1255.897,1280.2397,1250.9354,1277.1387,,1.6286267811128,328711,
782,2022-12-22,NHEBI.SL,1283.8058,1302.7218,1274.968,1289.8527,,0.99550659611207,383311,
783,2022-12-23,NHEBI.SL,1293.2638,1294.8143,1270.6266,1281.9452,,-0.61305449839348,313637,
784,2022-12-26,NHEBI.SL,1283.9608,1305.8227,1282.2553,1292.7986,,0.84663525398745,300269,
785,2022-12-27,NHEBI.SL,1292.9537,1307.0631,1289.0774,1304.2723,,0.88750869625014,212139,
786,2022-12-28,NHEBI.SL,1308.1379,1308.1379,1288.3883,1298.6519,,-0.43092228517005,253049,
787,2022-12-29,NHEBI.SL,1295.3862,1297.5634,1277.6583,1292.4316,,-0.47898131901245,261535,
788,2022-12-30,NHEBI.SL,1288.5439,1318.4015,1285.5892,1314.8248,,1.7326410155865,273267,
789,2023-01-03,NHEBI.SL,1314.8248,1328.354,1305.3388,1326.6434,,0.89887261025194,179356,
790,2023-01-04,NHEBI.SL,1325.8054,1333.6384,1299.6901,1302.954,,-1.7856644822565,283838,
791,2023-01-05,NHEBI.SL,1299.0172,1299.3211,1278.5726,1281.8643,,-1.6186066430588,271040,
792,2023-01-06,NHEBI.SL,1286.1804,1308.5208,1269.8869,1306.2559,,1.902822319024,350838,
793,2023-01-09,NHEBI.SL,1303.1821,1306.69,1278.0964,1289.8814,,-1.2535445772915,252193,
794,2023-01-10,NHEBI.SL,1295.3043,1298.4032,1273.3028,1274.6972,,-1.1771779948141,254870,
795,2023-01-11,NHEBI.SL,1278.2609,1315.9115,1269.1194,1313.1225,,3.0144649254741,409901,
796,2023-01-12,NHEBI.SL,1317.7707,1344.8854,1310.4885,1340.702,,2.1002990962382,355802,
797,2023-01-13,NHEBI.SL,1347.9842,1355.7312,1338.6877,1347.8292,,0.53160210098888,330953,
798,2023-01-16,NHEBI.SL,1343.181,1355.7312,1342.5613,1347.9842,,0.011499973438786,269240,
799,2023-01-17,NHEBI.SL,1347.9842,1361.9288,1347.3644,1349.3786,,0.10344334896506,331460,
800,2023-01-18,NHEBI.SL,1352.6324,1378.3526,1346.5897,1374.1692,,1.837186390832,310111,
801,2023-01-19,NHEBI.SL,1377.113,1380.2118,1358.2103,1365.3375,,-0.64269378181376,277903,
802,2023-01-20,NHEBI.SL,1368.1265,1393.2269,1368.1265,1391.0577,,1.8837979620424,210435,
803,2023-01-30,NHEBI.SL,1368.1265,1405.0024,1361.3091,1365.0277,,-1.8712379795604,244005,
804,2023-01-31,NHEBI.SL,1368.1265,1368.1265,1337.6032,1347.8292,,-1.2599378019948,273845,
805,2023-02-01,NHEBI.SL,1347.9842,1366.1122,1347.6743,1350.6182,,0.20692532852085,242876,
806,2023-02-02,NHEBI.SL,1351.2715,1353.3471,1326.6769,1331.5762,,-1.4098729011648,295608,
807,2023-02-03,NHEBI.SL,1327.8215,1330.3678,1306.9957,1321.8342,,-0.73161415771775,278830,
808,2023-02-06,NHEBI.SL,1343.1123,1343.1123,1290.5706,1297.6801,,-1.8273169206849,304243,
809,2023-02-07,NHEBI.SL,1296.5628,1313.7922,1295.8795,1305.2239,,0.58132971292385,212423,
810,2023-02-08,NHEBI.SL,1304.1375,1315.9326,1297.4639,1305.5343,,0.023781360424068,214830,
811,2023-02-09,NHEBI.SL,1303.6719,1310.6558,1297.7743,1302.4303,,-0.23775706237669,220975,
812,2023-02-10,NHEBI.SL,1298.3951,1310.811,1283.496,1308.9486,,0.50047207900492,369521,
813,2023-02-13,NHEBI.SL,1316.3982,1319.6574,1297.1535,1297.6191,,-0.86554200829582,274445,
814,2023-02-14,NHEBI.SL,1299.3263,1305.9999,1293.7391,1299.7919,,0.16744513085543,217028,
815,2023-02-15,NHEBI.SL,1295.7567,1301.4991,1288.7728,1294.9807,,-0.37015156041516,244886,
816,2023-02-16,NHEBI.SL,1290.1696,1318.4158,1290.1696,1311.7422,,1.2943436145419,291367,
817,2023-02-17,NHEBI.SL,1315.7774,1315.7774,1299.6367,1300.4127,,-0.86369867493779,216948,
818,2023-02-20,NHEBI.SL,1295.1359,1319.347,1286.6,1318.571,,1.396349020584,332398,
819,2023-02-21,NHEBI.SL,1314.5358,1339.678,1314.5358,1333.1597,,1.1064023097732,288731,
820,2023-02-22,NHEBI.SL,1338.4365,1340.9196,1324.6237,1331.7629,,-0.10477364414781,241095,
821,2023-02-23,NHEBI.SL,1338.4365,1338.4365,1322.6062,1328.3485,,-0.25638197309746,207629,
822,2023-02-24,NHEBI.SL,1331.2973,1347.438,1324.6237,1329.9005,,0.1168368090151,279709,
823,2023-02-27,NHEBI.SL,1329.9005,1341.6956,1319.1918,1319.5022,,-0.78188556211537,249124,
824,2023-02-28,NHEBI.SL,1327.5725,1327.5725,1306.931,1320.899,,0.10585810315436,252385,
825,2023-03-01,NHEBI.SL,1326.9517,1332.0733,1312.2078,1328.0381,,0.54047281434842,234634,
826,2023-03-02,NHEBI.SL,1326.3918,1334.1553,1322.1389,1330.3363,,0.1730522640879,200418,
827,2023-03-03,NHEBI.SL,1327.852,1342.4452,1311.9555,1338.6262,,0.62314318567418,360905,
828,2023-03-06,NHEBI.SL,1337.2915,1337.2915,1314.4743,1323.7255,,-1.1131337486148,324507,
829,2023-03-07,NHEBI.SL,1320.7765,1341.4505,1319.0381,1330.5237,,0.51356569016763,243893,
830,2023-03-08,NHEBI.SL,1328.5063,1339.2138,1322.2991,1326.7993,,-0.27991985411459,274127,
831,2023-03-09,NHEBI.SL,1322.4542,1332.541,1313.4537,1321.9887,,-0.36257179213162,259281,
832,2023-03-10,NHEBI.SL,1317.6436,1326.489,1297.4701,1298.7115,,-1.7607714801193,308511,
833,2023-03-13,NHEBI.SL,1296.539,1328.8167,1296.539,1324.3164,,1.971561813382,327081,
834,2023-03-14,NHEBI.SL,1312.5226,1313.9193,1294.9872,1295.9183,,-2.1443591576756,346945,
835,2023-03-15,NHEBI.SL,1294.2113,1301.9703,1289.2455,1298.246,,0.17961780461006,292884,
836,2023-03-16,NHEBI.SL,1288.7799,1291.418,1255.1056,1257.123,,-3.167581490719,337878,
837,2023-03-17,NHEBI.SL,1255.416,1280.0898,1245.6395,1269.8478,,1.0122159884116,367823,
838,2023-03-20,NHEBI.SL,1265.5027,1286.7626,1265.5027,1273.1066,,0.25662918028445,346555,
839,2023-03-21,NHEBI.SL,1277.7621,1290.7973,1274.3481,1283.3486,,0.80448879928829,290253,
840,2023-03-22,NHEBI.SL,1291.1076,1294.9872,1283.0382,1286.6074,,0.25392944676139,218788,
841,2023-03-23,NHEBI.SL,1288.1592,1295.6079,1283.5038,1287.6937,,0.08443135023162,197726,
842,2023-03-24,NHEBI.SL,1284.1245,1293.4354,1273.8825,1290.4869,,0.2169149387001,251801,
843,2023-03-27,NHEBI.SL,1284.9004,1303.5221,1279.1587,1302.591,,0.93794830462826,232803,
844,2023-03-28,NHEBI.SL,1304.4532,1318.7299,1304.4532,1313.6089,,0.84584493520991,225367,
845,2023-03-29,NHEBI.SL,1310.1949,1317.3333,1308.0224,1316.247,,0.2008284200876,174994,
846,2023-03-30,NHEBI.SL,1318.4195,1323.6957,1303.8325,1312.6778,,-0.27116491053732,198033,
847,2023-03-31,NHEBI.SL,1314.2296,1328.0408,1313.6089,1321.8335,,0.69748265720652,181225,
848,2023-04-03,NHEBI.SL,1320.1265,1359.3874,1318.2644,1346.8177,,1.8901170230593,291661,
849,2023-04-04,NHEBI.SL,1344.3672,1358.0961,1338.8026,1357.7236,,0.80975324277369,240947,
850,2023-04-06,NHEBI.SL,1344.3672,1352.8424,1330.8308,1344.4481,,-0.97777633091153,190755,
851,2023-04-07,NHEBI.SL,1345.4764,1349.6418,1339.0646,1343.9785,,-0.034928830648065,184769,
852,2023-04-10,NHEBI.SL,1343.7305,1356.5338,1334.6655,1338.093,,-0.43791623154685,245424,
853,2023-04-11,NHEBI.SL,1332.9482,1348.2265,1332.9482,1339.8079,,0.12816000083701,234991,
854,2023-04-12,NHEBI.SL,1337.7812,1350.0973,1331.5451,1349.4737,,0.72143178137702,265890,
855,2023-04-13,NHEBI.SL,1352.124,1356.1774,1336.6899,1339.9638,,-0.70471177022568,299395,
856,2023-04-14,NHEBI.SL,1341.211,1348.5383,1333.4159,1341.8346,,0.13961571200654,290135,
857,2023-04-17,NHEBI.SL,1336.8458,1363.9724,1336.8458,1354.6184,,0.95271056507264,411816,
858,2023-04-18,NHEBI.SL,1354.7743,1354.7743,1335.7545,1344.329,,-0.75957922910246,340650,
859,2023-04-19,NHEBI.SL,1343.2377,1354.7743,1333.26,1336.0663,,-0.61463376896578,365761,
860,2023-04-20,NHEBI.SL,1334.6632,1337.9371,1318.1377,1329.5184,,-0.49008795446753,343690,
861,2023-04-21,NHEBI.SL,1331.3892,1337.7812,1317.8259,1319.229,,-0.77391933800991,266872,
862,2023-04-24,NHEBI.SL,1324.0619,1327.024,1306.4452,1307.0688,,-0.92176566767408,229054,
863,2023-04-25,NHEBI.SL,1313.9284,1322.0352,1305.198,1308.0042,,0.071564710289166,213517,
864,2023-04-26,NHEBI.SL,1304.5744,1305.198,1290.8551,1297.0912,,-0.83432453810164,214409,
865,2023-04-27,NHEBI.SL,1292.4141,1300.521,1282.7483,1283.0601,,-1.0817358100957,216935,
866,2023-04-28,NHEBI.SL,1283.0601,1290.8551,1279.6303,1286.334,,0.25516341752036,167538,
867,2023-05-04,NHEBI.SL,1283.0601,1283.0601,1238.4726,1251.7241,,-2.6905842495029,255334,
868,2023-05-05,NHEBI.SL,1252.0371,1253.6912,1239.5182,1249.8497,,-0.14974545908319,249924,
869,2023-05-08,NHEBI.SL,1256.7045,1282.6769,1256.2596,1280.017,,2.4136742201882,301857,
870,2023-05-09,NHEBI.SL,1282.4285,1282.7403,1265.1192,1265.5569,,-1.1296803089334,224529,
871,2023-05-10,NHEBI.SL,1265.5208,1277.0253,1258.9428,1268.6889,,0.24747998292294,266498,
872,2023-05-11,NHEBI.SL,1268.5319,1271.6707,1245.3051,1249.5424,,-1.5091564212472,328256,
873,2023-05-12,NHEBI.SL,1241.6955,1249.5424,1219.0964,1219.0964,,-2.4365719802705,353660,
874,2023-05-15,NHEBI.SL,1222.8629,1227.728,1198.8513,1212.0342,,-0.57929791278195,319761,
875,2023-05-16,NHEBI.SL,1209.994,1227.728,1200.5777,1204.3442,,-0.63447054546811,339974,
876,2023-05-17,NHEBI.SL,1204.0303,1215.016,1188.6504,1213.9174,,0.7948890358753,385907,
877,2023-05-18,NHEBI.SL,1216.2715,1228.6696,1210.7786,1226.0017,,0.99547959358684,402846,
878,2023-05-19,NHEBI.SL,1233.8486,1233.8486,1202.9317,1211.7203,,-1.1648760356531,458096,
879,2023-05-22,NHEBI.SL,1218.6256,1224.5892,1183.7853,1195.0848,,-1.3728828344297,518119,
880,2023-05-23,NHEBI.SL,1203.4025,1203.4025,1158.0474,1169.9747,,-2.1011144983185,669684,
881,2023-05-24,NHEBI.SL,1174.212,1187.2379,1170.9163,1177.3508,,0.63044953023343,387830,
882,2023-05-25,NHEBI.SL,1177.8216,1191.6322,1159.3029,1186.924,,0.81311364463336,504619,
883,2023-05-26,NHEBI.SL,1180.3326,1213.1327,1171.5441,1209.837,,1.9304521603742,560433,
884,2023-05-29,NHEBI.SL,1211.5633,1226.6294,1208.8954,1218.6256,,0.72642843622737,434358,
885,2023-05-30,NHEBI.SL,1213.7605,1223.8045,1206.3844,1214.859,,-0.30908590792776,317919,
886,2023-05-31,NHEBI.SL,1210.1509,1215.3299,1189.592,1209.3662,,-0.45213477448823,448893,
887,2023-06-01,NHEBI.SL,1199.0083,1220.6658,1198.2236,1207.1691,,-0.18167367336708,439432,
888,2023-06-02,NHEBI.SL,1205.2213,1230.3947,1184.3951,1220.6093,,1.1133651449495,659226,
889,2023-06-05,NHEBI.SL,1223.6475,1231.438,1207.0122,1212.8444,,-0.63614950336689,405821,
890,2023-06-06,NHEBI.SL,1217.7647,1218.0918,1191.6904,1199.4233,,-1.1065805308579,450633,
891,2023-06-07,NHEBI.SL,1196.0875,1213.7964,1193.9472,1197.195,,-0.18578094989484,346137,
892,2023-06-08,NHEBI.SL,1203.1424,1203.1424,1157.4921,1158.9388,,-3.1954861154616,657929,
893,2023-06-09,NHEBI.SL,1159.2603,1174.6913,1146.8832,1166.3328,,0.63799745077134,675185,
894,2023-06-12,NHEBI.SL,1163.761,1167.7795,1122.29,1125.8262,,-3.4729881556962,693764,
895,2023-06-13,NHEBI.SL,1117.307,1122.7722,1091.7493,1120.5218,,-0.47115620510519,931159,
896,2023-06-14,NHEBI.SL,1126.7907,1153.3129,1110.7166,1137.2388,,1.4918942228523,918360,
897,2023-06-15,NHEBI.SL,1143.0255,1147.5262,1122.1292,1133.5418,,-0.325085637247,617553,
898,2023-06-16,NHEBI.SL,1138.0425,1166.9758,1135.1492,1166.3328,,2.8927914259536,637782,
899,2023-06-19,NHEBI.SL,1166.3328,1172.441,1140.1321,1145.4366,,-1.7916155663289,597929,
900,2023-06-20,NHEBI.SL,1153.6343,1163.2788,1142.3825,1150.4195,,0.43502189470809,483521,
901,2023-06-21,NHEBI.SL,1146.2403,1176.2988,1144.6329,1166.9758,,1.4391532827808,536750,
902,2023-06-26,NHEBI.SL,1146.2403,1166.9758,1129.684,1135.9529,,-2.6584013138919,394892,
903,2023-06-27,NHEBI.SL,1139.6499,1143.6684,1122.1292,1134.5062,,-0.12735563243863,450257,
904,2023-06-28,NHEBI.SL,1124.5403,1137.8818,1123.7366,1130.9699,,-0.31170389372927,345929,
905,2023-06-29,NHEBI.SL,1131.2914,1154.9203,1127.7551,1143.9899,,1.1512242721933,491744,
906,2023-06-30,NHEBI.SL,1138.5247,1159.421,1138.5247,1152.9914,,0.78685135244639,395231,
907,2023-07-03,NHEBI.SL,1153.3129,1180.7995,1153.3129,1169.7084,,1.4498807189715,475024,
908,2023-07-04,NHEBI.SL,1173.639,1177.4006,1160.5363,1176.3072,,0.56414060119599,451804,
909,2023-07-05,NHEBI.SL,1180.2051,1188.7429,1174.8236,1181.3318,,0.4271503226368,491468,
910,2023-07-06,NHEBI.SL,1183.0136,1184.7842,1171.9154,1180.0427,,-0.1091226021343,417959,
911,2023-07-07,NHEBI.SL,1179.1376,1207.1645,1177.5244,1194.0531,,1.1872790704947,656510,
912,2023-07-10,NHEBI.SL,1197.2881,1211.5223,1192.112,1204.2434,,0.8534210078262,434882,
913,2023-07-11,NHEBI.SL,1202.1407,1219.9334,1201.3319,1210.5518,,0.52384758762223,391811,
914,2023-07-12,NHEBI.SL,1211.5223,1221.0656,1210.2283,1218.8011,,0.68144956704868,461678,
915,2023-07-13,NHEBI.SL,1222.1979,1249.6957,1218.8011,1248.887,,2.4684831675981,613231,
916,2023-07-14,NHEBI.SL,1245.4902,1278.3258,1242.4169,1266.1944,,1.3858259394165,761609,
917,2023-07-17,NHEBI.SL,1271.3705,1271.3705,1243.0639,1253.9013,,-0.97086987590532,652170,
918,2023-07-18,NHEBI.SL,1254.3866,1273.4733,1240.9611,1267.0032,,1.0448908538495,567736,
919,2023-07-19,NHEBI.SL,1266.518,1289.0015,1266.518,1273.635,,0.52342409237797,663103,
920,2023-07-20,NHEBI.SL,1277.8406,1286.8987,1262.1506,1275.7378,,0.16510224671905,598445,
921,2023-07-21,NHEBI.SL,1279.2964,1302.9121,1275.7378,1297.4126,,1.6990011583885,626431,
922,2023-07-24,NHEBI.SL,1301.7799,1307.2794,1275.0908,1276.2231,,-1.6332121331333,429546,
923,2023-07-25,NHEBI.SL,1284.3107,1301.7799,1268.459,1298.3831,,1.7363735227798,496102,
924,2023-07-26,NHEBI.SL,1298.8683,1324.4252,1294.9863,1319.7343,,1.6444453104789,515870,
925,2023-07-27,NHEBI.SL,1302.9121,1319.7343,1291.4278,1302.7504,,-1.2869181319301,494195,
926,2023-07-28,NHEBI.SL,1306.9559,1330.5717,1297.7361,1328.3072,,1.9617572176527,493556,
927,2023-07-31,NHEBI.SL,1332.5128,1359.5253,1328.3072,1346.9087,,1.4003914154798,584327,
928,2023-08-01,NHEBI.SL,1356.7756,1369.0687,1343.1884,1346.7469,,-0.012012692471276,557685,
929,2023-08-02,NHEBI.SL,1344.3815,1373.6369,1335.9737,1358.1603,,0.84747921083018,545013,
930,2023-08-03,NHEBI.SL,1359.8266,1362.8747,1322.8386,1328.5604,,-2.1794113699244,635928,
931,2023-08-04,NHEBI.SL,1336.8407,1360.2767,1328.5604,1346.3355,,1.3379218588782,548050,
932,2023-08-07,NHEBI.SL,1349.3766,1349.6479,1319.4352,1336.6483,,-0.71952347687481,584092,
933,2023-08-08,NHEBI.SL,1334.0123,1339.9434,1314.0771,1326.4336,,-0.76420252058825,661122,
934,2023-08-09,NHEBI.SL,1318.0311,1345.7098,1315.8893,1342.7442,,1.2296582354367,549479,
935,2023-08-10,NHEBI.SL,1350.3229,1373.8827,1342.7442,1366.4688,,1.7668741373078,589105,
936,2023-08-11,NHEBI.SL,1368.7753,1368.7753,1351.1467,1361.6909,,-0.34965306196527,488956,
937,2023-08-14,NHEBI.SL,1365.4803,1370.2581,1331.2115,1336.1541,,-1.8753742130464,555978,
938,2023-08-15,NHEBI.SL,1334.5065,1345.2155,1325.2803,1340.7672,,0.34525209330271,481010,
939,2023-08-16,NHEBI.SL,1331.2115,1348.1811,1330.3877,1342.7442,,0.14745289115069,432307,
940,2023-08-17,NHEBI.SL,1347.3573,1357.5721,1328.7402,1357.4073,,1.0920248249816,603444,
941,2023-08-18,NHEBI.SL,1361.8557,1404.6917,1357.4073,1377.8368,,1.5050383182704,932765,
942,2023-08-21,NHEBI.SL,1369.1049,1412.2704,1369.1049,1409.1401,,2.271916383711,642565,
943,2023-08-22,NHEBI.SL,1409.1401,1414.0827,1376.6835,1393.8179,,-1.0873439766564,497776,
944,2023-08-23,NHEBI.SL,1397.9368,1417.872,1393.8179,1407.4925,,0.98108942351795,499236,
945,2023-08-24,NHEBI.SL,1402.3851,1412.7646,1390.0286,1394.9712,,-0.88961752904546,506604,
946,2023-08-25,NHEBI.SL,1393.8179,1396.454,1376.1893,1382.6147,,-0.88578889657363,541412,
947,2023-08-28,NHEBI.SL,1387.8868,1392.9942,1369.7639,1375.2008,,-0.53622314300579,498580,
948,2023-08-29,NHEBI.SL,1372.8942,1392.1704,1371.4114,1379.3196,,0.29950535223656,500601,
949,2023-08-30,NHEBI.SL,1382.2852,1412.4351,1377.1778,1406.0097,,1.9350192660207,502463,
950,2023-08-31,NHEBI.SL,1406.0097,1406.9983,1388.3811,1393.4884,,-0.89055573371934,398044,
951,2023-09-01,NHEBI.SL,1401.3966,1440.9376,1393.4884,1436.9835,,3.1213105182648,536348,
952,2023-09-04,NHEBI.SL,1441.2429,1456.6756,1434.8309,1442.858,,0.40880775596936,481864,
953,2023-09-05,NHEBI.SL,1443.1262,1462.3667,1442.858,1454.9805,,0.84017276821419,360246,
954,2023-09-06,NHEBI.SL,1455.8943,1530.5713,1447.4244,1522.9616,,4.6723031683243,843180,
955,2023-09-07,NHEBI.SL,1526.706,1542.365,1505.004,1518.7349,,-0.27753161996994,1148971,
956,2023-09-08,NHEBI.SL,1523.7716,1525.4505,1492.2082,1501.2743,,-1.1496805663714,812479,
957,2023-09-11,NHEBI.SL,1512.6908,1536.867,1501.2743,1523.7716,,1.4985469344276,703302,
958,2023-09-12,NHEBI.SL,1522.4285,1580.5185,1519.5743,1571.1166,,3.1070929527759,1149927,
959,2023-09-13,NHEBI.SL,1578.168,1599.1543,1565.912,1597.6433,,1.6883979203071,1213481,
960,2023-09-14,NHEBI.SL,1605.702,1614.7681,1587.0662,1593.2781,,-0.27322744695264,1672176,
961,2023-09-15,NHEBI.SL,1603.3516,1609.3956,1583.2047,1599.4901,,0.38988799256075,1414174,
962,2023-09-18,NHEBI.SL,1595.1249,1599.4901,1546.6047,1563.8974,,-2.2252529102868,1080659,
963,2023-09-19,NHEBI.SL,1567.7588,1585.3873,1556.846,1569.2698,,0.34352637199857,734487,
964,2023-09-20,NHEBI.SL,1578.168,1583.3726,1515.545,1523.9395,,-2.8886237407997,1002814,
965,2023-09-21,NHEBI.SL,1525.7863,1525.7863,1478.4412,1479.1128,,-2.9415012866324,861869,
966,2023-09-22,NHEBI.SL,1494.2229,1523.9395,1479.1128,1511.6835,,2.2020430084845,903660,
967,2023-09-25,NHEBI.SL,1523.9395,1538.8817,1473.2366,1481.799,,-1.9769019110151,1091265,
968,2023-09-26,NHEBI.SL,1476.7623,1484.6532,1456.6155,1458.966,,-1.5408972471975,779172,
969,2023-09-27,NHEBI.SL,1459.9733,1486.5,1458.966,1478.9449,,1.3693876348044,650141,
970,2023-09-28,NHEBI.SL,1486.6679,1518.3991,1478.9449,1485.1568,,0.4200224092189,632982,
971,2023-10-09,NHEBI.SL,1486.6679,1486.6679,1423.0375,1444.1916,,-2.7583080789853,383545,
972,2023-10-10,NHEBI.SL,1446.5799,1449.5708,1403.9336,1408.7078,,-2.4570008577809,580050,
973,2023-10-11,NHEBI.SL,1412.5146,1426.6649,1399.8491,1421.5765,,0.91351094953829,536446,
974,2023-10-12,NHEBI.SL,1411.4439,1421.5765,1382.2218,1407.6624,,-0.97877954510362,670673,
975,2023-10-13,NHEBI.SL,1419.4699,1432.6274,1401.4402,1417.033,,0.66568518133325,762619,
976,2023-10-16,NHEBI.SL,1439.2457,1458.5758,1427.5459,1447.7238,,2.1658493486037,724339,
977,2023-10-17,NHEBI.SL,1452.4716,1452.4716,1417.7113,1431.4458,,-1.1243857426396,656872,
978,2023-10-18,NHEBI.SL,1426.359,1455.6933,1426.359,1444.6717,,0.92395394921695,670440,
979,2023-10-19,NHEBI.SL,1444.6717,1456.202,1424.4938,1447.8934,,0.22300568357502,814491,
980,2023-10-20,NHEBI.SL,1443.4848,1470.7843,1435.6849,1445.35,,-0.17566210330125,914621,
981,2023-10-23,NHEBI.SL,1445.35,1449.4195,1419.0678,1441.1109,,-0.29329228214619,948906,
982,2023-10-24,NHEBI.SL,1444.3326,1452.8107,1427.885,1442.8065,,0.1176592308059,748473,
983,2023-10-25,NHEBI.SL,1443.3152,1443.3152,1415.8461,1425.172,,-1.2222359685793,741822,
984,2023-10-26,NHEBI.SL,1429.4111,1437.5501,1414.9983,1427.3763,,0.1546690504725,657642,
985,2023-10-27,NHEBI.SL,1407.5375,1456.0324,1407.5375,1451.2846,,1.6749822734201,726339,
986,2023-10-30,NHEBI.SL,1451.2846,1484.3493,1449.589,1478.5842,,1.881064541028,711363,
987,2023-10-31,NHEBI.SL,1475.0234,1492.1492,1453.6585,1491.3014,,0.86009305388222,775670,
988,2023-11-01,NHEBI.SL,1488.7579,1498.0839,1477.7364,1486.5536,,-0.31836622697465,680727,
989,2023-11-02,NHEBI.SL,1495.6294,1495.6294,1463.4159,1470.1447,,-1.1038216180029,574631,
990,2023-11-03,NHEBI.SL,1466.2777,1484.1687,1459.8332,1472.6326,,0.16922823991406,653483,
991,2023-11-06,NHEBI.SL,1476.3145,1476.3145,1446.9708,1467.6927,,-0.33544687249215,679358,
992,2023-11-07,NHEBI.SL,1470.3903,1478.5124,1441.2077,1444.7238,,-1.5649665628234,687458,
993,2023-11-08,NHEBI.SL,1442.1613,1447.4571,1420.4657,1435.8405,,-0.61487877475265,650288,
994,2023-11-09,NHEBI.SL,1428.1531,1442.5029,1412.6074,1433.7905,,-0.14277351836781,690517,
995,2023-11-10,NHEBI.SL,1434.9863,1444.8946,1421.8323,1438.0613,,0.29786778472866,724688,
996,2023-11-13,NHEBI.SL,1441.8196,1441.8196,1407.8241,1424.0531,,-0.97410312063888,683076,
997,2023-11-14,NHEBI.SL,1428.1531,1437.2072,1418.074,1431.7405,,0.53982537589364,462726,
998,2023-11-15,NHEBI.SL,1429.3489,1475.6443,1427.8114,1469.836,,2.6607824532448,1005081,
999,2023-11-16,NHEBI.SL,1466.761,1477.6943,1454.4612,1477.0109,,0.48814289485357,604406,
1000,2023-11-17,NHEBI.SL,1477.0109,1506.394,1470.861,1477.6943,,0.046269123674045,1041865,
1001,2023-11-20,NHEBI.SL,1484.1859,1495.9733,1467.1027,1484.3567,,0.45086456650743,694132,
1002,2023-11-21,NHEBI.SL,1488.2858,1488.4567,1445.5779,1446.7737,,-2.531938583226,779879,
1003,2023-11-22,NHEBI.SL,1446.7737,1459.4153,1435.8405,1443.5279,,-0.22434745668932,595052,
1004,2023-11-23,NHEBI.SL,1434.4739,1443.5279,1414.1449,1439.2571,,-0.29585850055271,660712,
1005,2023-11-24,NHEBI.SL,1439.7696,1445.9196,1420.4657,1427.8114,,-0.79525054974542,557715,
1006,2023-11-27,NHEBI.SL,1429.8614,1442.8446,1402.3575,1407.3116,,-1.4357498476339,629018,
1007,2023-11-28,NHEBI.SL,1408.6783,1413.974,1371.6078,1374.1703,,-2.3549368881774,771096,
1008,2023-11-29,NHEBI.SL,1375.5369,1391.4243,1369.0453,1374.5119,,0.024858636516884,625554,
1009,2023-11-30,NHEBI.SL,1381.6869,1396.72,1370.5828,1392.7909,,1.3298538921344,638780,
1010,2023-12-01,NHEBI.SL,1392.2784,1399.4534,1350.4247,1358.7954,,-2.440818646934,698489,
1011,2023-12-04,NHEBI.SL,1357.8379,1368.8797,1336.7504,1340.5446,,-1.3431602726945,706055,
1012,2023-12-05,NHEBI.SL,1339.7254,1350.2484,1327.1158,1347.4127,,0.51233655336795,649816,
1013,2023-12-06,NHEBI.SL,1343.5179,1374.0559,1338.326,1373.8168,,1.9596148974995,624207,
1014,2023-12-07,NHEBI.SL,1370.5038,1373.8168,1339.5365,1364.2567,,-0.69587881004222,651247,
1015,2023-12-08,NHEBI.SL,1363.0622,1390.1938,1362.7209,1384.2214,,1.4634122742443,542757,
1016,2023-12-11,NHEBI.SL,1385.5865,1391.5589,1367.8401,1384.0508,,-0.012324618012691,488055,
1017,2023-12-12,NHEBI.SL,1379.7848,1396.1661,1364.086,1389.6818,,0.40684922836648,605419,
1018,2023-12-13,NHEBI.SL,1385.5865,1393.4359,1352.6532,1356.066,,-2.4189566273373,710633,
1019,2023-12-14,NHEBI.SL,1365.1099,1403.3329,1356.066,1381.1499,,1.8497551004155,843410,
1020,2023-12-15,NHEBI.SL,1387.1223,1396.5074,1375.0069,1388.9993,,0.56832353968241,562752,
1021,2023-12-18,NHEBI.SL,1390.3644,1411.0117,1381.3205,1409.3053,,1.4619157835429,619824,
1022,2023-12-19,NHEBI.SL,1407.087,1413.7419,1397.8725,1406.0632,,-0.23004951446645,482275,
1023,2023-12-20,NHEBI.SL,1406.0632,1448.5522,1401.6266,1445.822,,2.827668059302,694144,
1024,2023-12-21,NHEBI.SL,1450.4292,1469.7114,1444.1156,1464.7629,,1.3100436983252,693690,
1025,2023-12-22,NHEBI.SL,1455.5484,1471.9297,1440.5322,1453.842,,-0.74557459094573,672596,
1026,2023-12-25,NHEBI.SL,1454.0126,1480.291,1444.6275,1459.4731,,0.38732544526846,634483,
1027,2023-12-26,NHEBI.SL,1463.2271,1471.5884,1454.6952,1457.2548,,-0.15199320905606,465171,
1028,2023-12-27,NHEBI.SL,1462.3739,1476.537,1457.2548,1463.7391,,0.44496679647239,561452,
1029,2023-12-28,NHEBI.SL,1463.7391,1463.7391,1436.9488,1442.9211,,-1.4222479948783,562860,
1030,2023-12-29,NHEBI.SL,1440.1909,1447.8697,1428.5875,1447.699,,0.33112690638456,473180,
1031,2024-01-02,NHEBI.SL,1440.1909,1472.271,1439.679,1470.5646,,1.5794443458205,333516,
1032,2024-01-03,NHEBI.SL,1472.3728,1477.9311,1447.1655,1458.5912,,-0.81420428589127,374441,
1033,2024-01-04,NHEBI.SL,1458.9985,1467.178,1442.4444,1445.8165,,-0.8758245627699,412863,
1034,2024-01-05,NHEBI.SL,1445.9109,1445.9109,1418.7653,1428.871,,-1.1720367003696,481450,
1035,2024-01-08,NHEBI.SL,1434.4472,1451.7062,1414.9039,1414.9039,,-0.97749201992343,577786,
1036,2024-01-09,NHEBI.SL,1408.1178,1422.7079,1406.9302,1411.8502,,-0.21582384499752,452072,
1037,2024-01-10,NHEBI.SL,1421.1811,1442.0483,1411.8502,1435.7712,,1.6943015625879,561401,
1038,2024-01-11,NHEBI.SL,1438.6553,1445.4414,1417.788,1444.2538,,0.59080444015036,609121,
1039,2024-01-12,NHEBI.SL,1449.6827,1456.9778,1437.4677,1449.1738,,0.3406603465402,485124,
1040,2024-01-15,NHEBI.SL,1456.6385,1456.6385,1431.1906,1447.1379,,-0.14048694504414,493451,
1041,2024-01-16,NHEBI.SL,1440.0125,1497.5248,1440.0125,1497.0158,,3.4466584006956,958091,
1042,2024-01-17,NHEBI.SL,1503.1233,1503.1233,1472.9251,1475.1306,,-1.4619217779799,637123,
1043,2024-01-18,NHEBI.SL,1467.4963,1489.2118,1467.4963,1480.3899,,0.35653114375093,548155,
1044,2024-01-19,NHEBI.SL,1477.3361,1494.6407,1477.3361,1487.0063,,0.44693631049497,536428,
1045,2024-01-22,NHEBI.SL,1487.176,1515.8473,1485.1401,1498.0337,,0.74158394621462,720367,
1046,2024-01-23,NHEBI.SL,1493.1138,1509.4005,1482.0864,1508.8915,,0.72480345402109,564361,
1047,2024-01-24,NHEBI.SL,1507.5343,1518.0528,1501.4268,1512.6239,,0.24736039668857,585632,
1048,2024-01-25,NHEBI.SL,1512.4542,1515.6776,1492.0959,1492.0959,,-1.3571119694724,526504,
1049,2024-01-26,NHEBI.SL,1491.5869,1526.7051,1487.176,1487.3456,,-0.3183642552734,789712,
1050,2024-01-29,NHEBI.SL,1489.0422,1507.5343,1483.6133,1490.2297,,0.19390920307963,578025,
1051,2024-01-30,NHEBI.SL,1492.2656,1516.3562,1486.8367,1508.5522,,1.2295084442351,613557,
1052,2024-01-31,NHEBI.SL,1506.1771,1508.5522,1475.6396,1492.2656,,-1.0796179277058,725492,
1053,2024-02-01,NHEBI.SL,1490.7387,1508.5522,1485.3098,1497.3551,,0.34105858903402,594487,
1054,2024-02-02,NHEBI.SL,1496.8126,1497.7621,1463.0602,1467.5719,,-1.9890538991052,761356,
1055,2024-02-05,NHEBI.SL,1462.6878,1497.4818,1462.5533,1489.3438,,1.4835320845268,582119,
1056,2024-02-06,NHEBI.SL,1486.3914,1508.3664,1467.5719,1507.2815,,1.2044029054943,611651,
1057,2024-02-07,NHEBI.SL,1510.264,1539.0908,1510.264,1538.0355,,2.0403620690627,720061,
1058,2024-02-08,NHEBI.SL,1539.1225,1553.5268,1529.8831,1540.2799,,0.14592641067128,478124,
1059,2024-02-19,NHEBI.SL,1539.1225,1584.3122,1539.1225,1569.1814,,1.8763797411107,426580,
1060,2024-02-20,NHEBI.SL,1570.8815,1572.4116,1545.5502,1546.7403,,-1.4301150905816,512801,
1061,2024-02-21,NHEBI.SL,1541.47,1555.2407,1529.9094,1542.8301,,-0.25280261980631,559512,
1062,2024-02-22,NHEBI.SL,1542.8301,1561.191,1539.7699,1553.2006,,0.67217381875036,549546,
1063,2024-02-23,NHEBI.SL,1551.8405,1556.2608,1540.4499,1541.64,,-0.74430823681112,583973,
1064,2024-02-26,NHEBI.SL,1538.5798,1549.6304,1535.1797,1535.3497,,-0.40802651721544,500561,
1065,2024-02-27,NHEBI.SL,1536.8798,1546.5703,1526.6792,1546.5703,,0.7308172203375,517176,
1066,2024-02-28,NHEBI.SL,1545.3802,1555.5807,1527.5293,1528.8893,,-1.1432393341577,571055,
1067,2024-02-29,NHEBI.SL,1528.0393,1540.2799,1520.5589,1535.6897,,0.44479348504825,487251,
1068,2024-03-01,NHEBI.SL,1539.4299,1541.3,1527.1893,1535.3497,,-0.022139889327897,471021,
1069,2024-03-04,NHEBI.SL,1542.8301,1554.3907,1535.3497,1544.0201,,0.56471825278632,518659,
1070,2024-03-05,NHEBI.SL,1543.8501,1549.6304,1531.7795,1548.9504,,0.31931579129054,487503,
1071,2024-03-06,NHEBI.SL,1548.9504,1561.361,1544.0201,1555.2407,,0.40610080219484,694754,
1072,2024-03-07,NHEBI.SL,1553.8806,1556.4308,1539.4299,1546.2302,,-0.5793636959218,594465,
1073,2024-03-08,NHEBI.SL,1544.3601,1564.0812,1544.3601,1560.341,,0.91259373927633,509720,
1074,2024-03-11,NHEBI.SL,1556.9408,1581.9321,1556.6008,1580.742,,1.3074706105909,609341,
1075,2024-03-12,NHEBI.SL,1582.7821,1584.1422,1565.2712,1573.4317,,-0.46246003459134,456132,
1076,2024-03-13,NHEBI.SL,1569.6915,1580.742,1568.8414,1576.4918,,0.19448572187785,362806,
1077,2024-03-14,NHEBI.SL,1584.1422,1608.7935,1576.4918,1608.6235,,2.0381774266127,623407,
1078,2024-03-15,NHEBI.SL,1612.0237,1622.9042,1597.4029,1598.0829,,-0.65525587559798,633727,
1079,2024-03-18,NHEBI.SL,1596.0428,1605.3933,1585.5023,1595.0228,,-0.19148568575511,567231,
1080,2024-03-19,NHEBI.SL,1596.3828,1601.3131,1581.9321,1583.4622,,-0.72479214717182,540688,
1081,2024-03-20,NHEBI.SL,1583.4622,1585.6723,1571.3916,1572.7516,,-0.67640389521138,461439,
1082,2024-03-21,NHEBI.SL,1551.3305,1572.7516,1547.7603,1566.9713,,-0.36752784101444,581464,
1083,2024-03-22,NHEBI.SL,1563.0611,1572.5816,1553.8806,1562.0411,,-0.3146324377479,450247,
1084,2024-03-25,NHEBI.SL,1565.2712,1579.0419,1556.4308,1567.1413,,0.32650869429749,509786,
1085,2024-03-26,NHEBI.SL,1564.9312,1591.9626,1564.9312,1580.402,,0.84617130567614,496546,
1086,2024-03-27,NHEBI.SL,1581.0821,1594.3427,1571.0515,1575.1317,,-0.33347844409208,523324,
1087,2024-03-28,NHEBI.SL,1570.8815,1587.8824,1562.3811,1579.212,,0.25904500557002,619235,
1088,2024-03-29,NHEBI.SL,1587.3724,1594.0027,1574.1117,1588.9025,,0.61362882247602,522348,
1089,2024-04-01,NHEBI.SL,1591.2826,1614.5738,1588.9025,1597.5729,,0.54568483591661,542555,
1090,2024-04-02,NHEBI.SL,1593.7291,1609.2555,1592.4974,1604.9287,,0.46043595256279,368403,
1091,2024-04-03,NHEBI.SL,1610.1198,1615.1714,1602.5081,1611.9285,,0.43614398571102,369568,
1092,2024-04-08,NHEBI.SL,1610.1198,1627.1091,1605.9084,1616.5787,,0.28848674119231,424472,
1093,2024-04-09,NHEBI.SL,1620.1729,1639.3322,1616.5787,1632.2758,,0.9710074739943,474190,
1094,2024-04-10,NHEBI.SL,1630.7309,1632.2758,1602.751,1606.3557,,-1.5879730619053,511207,
1095,2024-04-11,NHEBI.SL,1608.4156,1611.1621,1597.6013,1604.6392,,-0.10685678147125,343110,
1096,2024-04-12,NHEBI.SL,1599.8328,1609.4456,1597.0863,1607.0424,,0.14976575419571,371449,
1097,2024-04-15,NHEBI.SL,1611.8487,1630.7309,1607.0424,1623.5213,,1.025417873231,471218,
1098,2024-04-16,NHEBI.SL,1625.5812,1647.2098,1615.7968,1638.9704,,0.95157975445101,568236,
1099,2024-04-17,NHEBI.SL,1632.4474,1644.9783,1632.2758,1638.1121,,-0.052368242891993,412805,
1100,2024-04-18,NHEBI.SL,1632.4474,1646.8665,1625.7529,1645.15,,0.42963482169505,497750,
1101,2024-04-19,NHEBI.SL,1647.8965,1664.2038,1631.7608,1645.4933,,0.020867398109595,696935,
1102,2024-04-22,NHEBI.SL,1643.6051,1652.1879,1624.8946,1625.2379,,-1.2309621680015,534257,
1103,2024-04-23,NHEBI.SL,1623.8646,1634.8506,1614.7669,1616.1401,,-0.55978266320272,426263,
1104,2024-04-24,NHEBI.SL,1611.1621,1636.7388,1611.1621,1630.3876,,0.88157579902881,379126,
1105,2024-04-25,NHEBI.SL,1630.3876,1638.9704,1623.0064,1630.5592,,0.010525104582487,327622,
